Num_Acc;id_vehicule;num_veh;senc;catv;obs;obsm;choc;manv;motor;occutc
202200000001;813 952;A01;0.5;0.03;0.05555555555555555;0.30000000000000004;0.2;0.37037037037037035;0.2857142857142857;
202200000001;813 953;B01;0.5;0.08;0.05555555555555555;0.30000000000000004;0.30000000000000004;0.07407407407407407;0.2857142857142857;
202200000002;813 950;B01;0.75;0.08;0.05555555555555555;0.30000000000000004;0.9;0.5925925925925926;0.2857142857142857;
202200000002;813 951;A01;0.75;0.11;0.05555555555555555;0.30000000000000004;0.2;0.07407407407407407;0.2857142857142857;
202200000003;813 948;A01;0.75;0.08;0.05555555555555555;0.30000000000000004;0.2;0.1111111111111111;0.2857142857142857;
202200000003;813 949;B01;0.5;0.08;0.05555555555555555;0.30000000000000004;0.5;0.1111111111111111;0.2857142857142857;
202200000004;813 947;A01;0.75;0.08;0.05555555555555555;0.2;0.4;0.6296296296296295;0.2857142857142857;
202200000005;813 945;B01;0.25;0.08;0.05555555555555555;0.30000000000000004;0.5;0.07407407407407407;0.2857142857142857;
202200000005;813 946;A01;0.25;0.08;0.05555555555555555;0.30000000000000004;0.2;0.1111111111111111;0.2857142857142857;
202200000006;813 944;B01;0.5;0.11;0.05555555555555555;0.2;0.4;0.5925925925925926;0.2857142857142857;
202200000007;813 940;D01;0.25;0.08;0.05555555555555555;0.30000000000000004;0.2;0.037037037037037035;0.2857142857142857;
202200000007;813 941;A01;0.25;0.08;0.1111111111111111;0.1;0.2;0.037037037037037035;0.2857142857142857;
202200000008;813 938;B01;0.75;0.11;0.05555555555555555;0.30000000000000004;0.7000000000000001;0.6296296296296295;0.2857142857142857;
202200000008;813 939;A01;0.75;0.03;0.05555555555555555;0.30000000000000004;0.2;0.07407407407407407;0.2857142857142857;
202200000009;813 937;A01;0.75;0.08;0.05555555555555555;0.2;0.2;0.07407407407407407;0.2857142857142857;
202200000010;813 936;A01;0.5;0.08;0.05555555555555555;0.2;0.30000000000000004;0.037037037037037035;0.2857142857142857;
202200000011;813 935;A01;0.5;0.08;0.5;0.1;0.8;0.037037037037037035;0.2857142857142857;
202200000012;813 933;B01;0.5;0.34;0.05555555555555555;0.30000000000000004;0.2;0.07407407407407407;0.2857142857142857;
202200000012;813 934;A01;0.5;0.11;0.05555555555555555;0.1;0.7000000000000001;0.4074074074074074;0.2857142857142857;
202200000013;813 932;A01;0.5;0.08;0.05555555555555555;0.2;0.2;0.07407407407407407;0.2857142857142857;
202200000014;813 930;B01;1.0;0.08;0.05555555555555555;0.30000000000000004;0.2;0.8148148148148147;0.2857142857142857;
202200000014;813 931;A01;1.0;0.08;0.05555555555555555;0.30000000000000004;0.2;0.5185185185185185;0.2857142857142857;
202200000015;813 928;Z01;1.0;0.08;0.05555555555555555;0.30000000000000004;0.5;0.8888888888888888;0.42857142857142855;
202200000015;813 929;A01;1.0;0.08;0.4444444444444444;0.30000000000000004;0.2;0.1111111111111111;0.2857142857142857;
202200000016;813 926;A01;0.75;0.08;0.05555555555555555;0.30000000000000004;0.4;0.8518518518518519;0.2857142857142857;
202200000016;813 927;B01;0.75;0.02;0.05555555555555555;0.30000000000000004;0.2;0.07407407407407407;0.857142857142857;
202200000017;813 924;A01;0.75;0.11;0.05555555555555555;0.30000000000000004;0.30000000000000004;0.6296296296296295;0.2857142857142857;
202200000017;813 925;B01;0.75;0.02;0.05555555555555555;0.30000000000000004;0.1;0.07407407407407407;0.857142857142857;
202200000018;813 923;Z01;0.75;0.11;0.05555555555555555;0.2;0.5;0.07407407407407407;0.5714285714285714;
202200000019;813 921;B01;1.0;0.33;0.05555555555555555;0.30000000000000004;0.2;0.07407407407407407;0.5714285714285714;
202200000019;813 922;A01;1.0;0.15000000000000002;0.05555555555555555;0.30000000000000004;0.8;0.4074074074074074;0.2857142857142857;
202200000020;813 919;B01;0.75;0.34;0.05555555555555555;0.30000000000000004;0.2;0.07407407407407407;0.2857142857142857;
202200000020;813 920;Z01;0.75;0.11;0.05555555555555555;0.30000000000000004;0.4;0.4074074074074074;0.2857142857142857;
202200000021;813 917;B01;1.0;0.15000000000000002;0.05555555555555555;0.30000000000000004;0.4;0.07407407407407407;1.0;
202200000021;813 918;A01;1.0;0.08;0.05555555555555555;0.30000000000000004;0.2;0.8148148148148147;0.2857142857142857;
202200000022;813 916;A01;0.5;0.08;0.1111111111111111;0.1;0.8;0.07407407407407407;0.42857142857142855;
202200000023;813 915;A01;1.0;0.44;0.1111111111111111;0.1;0.4;0.5555555555555556;0.2857142857142857;
202200000024;813 914;A01;0.5;0.08;0.05555555555555555;0.2;0.2;0.5925925925925926;0.2857142857142857;
202200000025;813 913;A01;0.5;0.02;0.5555555555555556;0.1;0.1;0.07407407407407407;0.857142857142857;
202200000026;813 911;A01;0.5;0.31;0.05555555555555555;0.30000000000000004;0.2;0.07407407407407407;0.2857142857142857;
202200000026;813 912;B01;0.75;0.08;0.05555555555555555;0.30000000000000004;0.30000000000000004;0.5925925925925926;0.2857142857142857;
202200000027;813 910;Z01;0.5;0.02;0.05555555555555555;0.2;0.2;0.07407407407407407;0.857142857142857;
202200000028;813 909;A01;0.75;0.08;0.05555555555555555;0.2;0.8;0.07407407407407407;0.5714285714285714;
202200000029;813 908;A01;0.5;0.08;0.05555555555555555;0.2;0.2;0.5925925925925926;0.2857142857142857;
202200000030;813 907;A01;0.75;0.08;0.2777777777777778;0.1;0.2;1.0;0.2857142857142857;
202200000031;813 906;A01;0.25;0.08;0.05555555555555555;0.2;0.4;0.5925925925925926;0.2857142857142857;
202200000032;813 904;B01;1.0;0.08;0.05555555555555555;0.30000000000000004;0.5;0.9259259259259258;0.2857142857142857;
202200000032;813 905;A01;0.5;0.08;0.1111111111111111;0.1;0.2;0.7777777777777777;0.42857142857142855;
202200000033;813 903;A01;0.5;0.08;0.05555555555555555;0.2;0.5;0.18518518518518517;0.2857142857142857;
202200000034;813 901;A01;0.75;0.03;0.05555555555555555;0.30000000000000004;0.4;0.07407407407407407;0.2857142857142857;
202200000034;813 902;B01;0.75;0.61;0.05555555555555555;0.30000000000000004;0.4;0.7407407407407407;0.857142857142857;
202200000035;813 900;A01;0.5;0.08;0.05555555555555555;0.2;0.2;1.0;0.42857142857142855;
202200000036;813 899;A01;1.0;0.11;0.2777777777777778;0.1;0.4;0.07407407407407407;0.2857142857142857;
202200000037;813 898;A01;0.75;0.08;0.05555555555555555;0.2;0.30000000000000004;0.5925925925925926;0.2857142857142857;
202200000038;813 897;A01;1.0;0.11;0.05555555555555555;0.2;0.4;0.07407407407407407;0.2857142857142857;
202200000039;813 895;A01;0.5;0.08;0.05555555555555555;0.30000000000000004;0.4;0.07407407407407407;0.2857142857142857;
202200000039;813 896;B01;0.75;0.08;0.05555555555555555;0.30000000000000004;0.2;0.5925925925925926;0.2857142857142857;
202200000040;813 894;A01;0.25;0.08;0.05555555555555555;0.2;0.2;1.0;0.2857142857142857;
202200000041;813 892;B01;1.0;0.14;0.05555555555555555;0.2;0.2;0.037037037037037035;0.2857142857142857;
202200000041;813 893;A01;1.0;0.08;0.05555555555555555;0.2;0.4;0.037037037037037035;0.2857142857142857;
202200000042;813 890;A01;0.25;0.11;0.05555555555555555;0.30000000000000004;0.4;0.07407407407407407;0.2857142857142857;
202200000042;813 891;B01;0.25;0.08;0.05555555555555555;0.30000000000000004;0.1;0.037037037037037035;0.14285714285714285;
202200000043;813 889;A01;0.5;0.11;0.5555555555555556;0.2;0.30000000000000004;0.07407407407407407;0.2857142857142857;
202200000044;813 887;B01;0.5;0.08;0.05555555555555555;0.30000000000000004;0.2;0.07407407407407407;0.2857142857142857;
202200000044;813 888;A01;0.75;0.08;0.5;0.30000000000000004;0.6;0.5925925925925926;0.2857142857142857;
202200000045;813 885;B01;0.5;0.33;0.05555555555555555;0.1;0.6;0.5185185185185185;0.2857142857142857;
202200000045;813 886;A01;0.5;0.08;0.05555555555555555;0.30000000000000004;0.4;0.07407407407407407;0.2857142857142857;
202200000046;813 883;B01;1.0;0.02;0.05555555555555555;0.30000000000000004;0.1;0.07407407407407407;0.857142857142857;
202200000046;813 884;A01;1.0;0.08;0.05555555555555555;0.30000000000000004;0.30000000000000004;0.07407407407407407;0.2857142857142857;
202200000047;813 881;A01;0.25;0.08;0.05555555555555555;0.1;0.1;0.037037037037037035;0.2857142857142857;
202200000047;813 882;B01;0.25;0.44;0.05555555555555555;0.30000000000000004;0.1;0.037037037037037035;0.2857142857142857;
202200000048;813 878;B01;0.5;0.08;0.05555555555555555;0.30000000000000004;0.5;1.0;0.2857142857142857;
202200000048;813 879;A01;0.5;0.08;0.05555555555555555;0.30000000000000004;0.2;0.07407407407407407;0.2857142857142857;
202200000048;813 880;C01;0.5;0.08;0.05555555555555555;0.30000000000000004;0.5;1.0;0.2857142857142857;
202200000049;813 877;A01;0.25;0.08;0.8333333333333333;0.1;1.0;0.07407407407407407;0.2857142857142857;
202200000050;813 876;A01;0.5;0.08;0.7222222222222222;0.2;0.4;0.1111111111111111;0.14285714285714285;
202200000051;813 875;A01;1.0;0.61;0.05555555555555555;0.1;0.1;1.0;0.857142857142857;
202200000052;813 874;A01;0.5;0.08;0.5;0.2;0.2;0.5555555555555556;0.2857142857142857;
202200000053;813 873;A01;0.5;0.08;0.05555555555555555;0.2;0.4;0.07407407407407407;0.2857142857142857;
202200000054;813 871;A01;0.75;0.11;0.05555555555555555;0.30000000000000004;0.2;0.1111111111111111;0.2857142857142857;
202200000054;813 872;B01;0.75;0.11;0.05555555555555555;0.30000000000000004;0.5;0.07407407407407407;0.2857142857142857;
202200000055;813 870;A01;0.5;0.08;0.05555555555555555;0.2;0.4;0.5925925925925926;0.2857142857142857;
202200000056;813 869;A01;0.25;0.31;0.05555555555555555;0.1;0.1;0.07407407407407407;0.2857142857142857;
202200000057;813 867;B01;0.75;0.08;0.05555555555555555;0.30000000000000004;0.5;0.8888888888888888;0.2857142857142857;
202200000057;813 868;A01;0.75;0.08;0.05555555555555555;0.30000000000000004;0.2;0.07407407407407407;0.2857142857142857;
202200000058;813 865;A01;0.25;0.02;0.05555555555555555;0.30000000000000004;0.30000000000000004;0.07407407407407407;0.857142857142857;
202200000058;813 866;B01;0.25;0.08;0.05555555555555555;0.30000000000000004;0.6;0.8888888888888888;0.42857142857142855;
202200000059;813 863;A01;0.75;0.11;0.05555555555555555;0.30000000000000004;0.6;0.8888888888888888;0.2857142857142857;
202200000059;813 864;B01;0.75;0.51;0.05555555555555555;0.30000000000000004;0.2;0.7407407407407407;0.5714285714285714;
202200000060;813 861;A01;0.5;0.08;0.05555555555555555;0.30000000000000004;0.2;0.5925925925925926;0.2857142857142857;
202200000060;813 862;B01;0.75;0.02;0.05555555555555555;0.30000000000000004;0.8;0.07407407407407407;0.857142857142857;
202200000061;813 860;A01;0.5;0.38;0.05555555555555555;0.30000000000000004;0.30000000000000004;0.07407407407407407;0.2857142857142857;1.0
202200000062;813 858;A01;0.5;0.11;0.05555555555555555;0.30000000000000004;0.8;0.6666666666666665;0.2857142857142857;
202200000062;813 859;B01;0.5;0.02;0.05555555555555555;0.30000000000000004;0.1;0.07407407407407407;0.857142857142857;
202200000063;813 856;B01;0.75;0.33;0.05555555555555555;0.30000000000000004;0.4;0.37037037037037035;0.14285714285714285;
202200000063;813 857;A01;0.5;0.04;0.05555555555555555;0.30000000000000004;0.4;0.5925925925925926;0.14285714285714285;
202200000064;813 854;A01;0.75;0.33;0.05555555555555555;0.30000000000000004;0.30000000000000004;0.6666666666666665;0.2857142857142857;
202200000064;813 855;B01;0.75;0.08;0.05555555555555555;0.1;0.7000000000000001;0.7777777777777777;0.2857142857142857;
202200000065;813 853;A01;0.75;0.08;0.2222222222222222;0.1;0.8;0.1111111111111111;0.2857142857142857;
202200000066;813 852;A01;0.75;0.33;0.05555555555555555;0.1;1.0;0.07407407407407407;0.2857142857142857;
202200000067;813 851;A01;0.5;0.32;0.05555555555555555;0.0;0.1;0.037037037037037035;0.14285714285714285;
202200000068;813 850;A01;0.5;0.08;0.05555555555555555;0.2;0.30000000000000004;0.07407407407407407;0.2857142857142857;
202200000069;813 848;B01;0.75;1.0;0.05555555555555555;0.30000000000000004;0.30000000000000004;0.07407407407407407;0.2857142857142857;
202200000069;813 849;A01;0.75;0.08;0.05555555555555555;0.30000000000000004;0.5;1.0;0.2857142857142857;
202200000070;813 847;A01;0.5;0.15000000000000002;0.05555555555555555;0.2;0.8;0.07407407407407407;0.2857142857142857;
202200000071;813 846;A01;0.5;0.03;0.05555555555555555;0.1;1.0;0.07407407407407407;0.2857142857142857;
202200000072;813 844;B01;0.5;0.08;0.05555555555555555;0.30000000000000004;0.2;0.07407407407407407;0.2857142857142857;
202200000072;813 845;A01;0.75;0.08;0.05555555555555555;0.30000000000000004;0.2;0.2222222222222222;0.2857142857142857;
202200000073;813 842;B01;0.75;0.15000000000000002;0.05555555555555555;0.30000000000000004;0.4;0.07407407407407407;0.2857142857142857;
202200000073;813 843;A01;0.5;0.08;0.05555555555555555;0.30000000000000004;0.4;0.07407407407407407;0.2857142857142857;
202200000074;813 841;A01;0.5;0.08;0.8888888888888888;0.1;1.0;0.037037037037037035;0.2857142857142857;
202200000075;813 839;A01;0.75;0.15000000000000002;0.05555555555555555;0.30000000000000004;0.9;0.14814814814814814;0.2857142857142857;
202200000075;813 840;B01;0.5;0.08;0.05555555555555555;0.30000000000000004;0.9;0.07407407407407407;0.2857142857142857;
202200000076;813 837;B01;0.75;0.08;0.05555555555555555;0.30000000000000004;0.30000000000000004;0.6666666666666665;0.2857142857142857;
202200000076;813 838;A01;0.75;0.34;0.05555555555555555;0.30000000000000004;0.4;0.5925925925925926;0.2857142857142857;
202200000077;813 835;A01;0.75;0.08;0.05555555555555555;0.30000000000000004;0.2;0.07407407407407407;0.2857142857142857;
202200000077;813 836;B01;0.5;0.08;0.05555555555555555;0.30000000000000004;0.4;0.6296296296296295;0.2857142857142857;
202200000078;813 834;A01;0.75;0.08;0.9444444444444444;0.1;1.0;0.5555555555555556;0.2857142857142857;
202200000079;813 832;B01;0.5;0.08;0.05555555555555555;0.30000000000000004;0.2;0.07407407407407407;0.2857142857142857;
202200000079;813 833;A01;0.75;0.08;0.05555555555555555;0.30000000000000004;0.2;0.5185185185185185;0.2857142857142857;
202200000080;813 830;A01;0.5;0.08;0.05555555555555555;0.30000000000000004;0.4;0.07407407407407407;0.2857142857142857;
202200000080;813 831;B01;0.75;0.08;0.7777777777777778;0.30000000000000004;0.30000000000000004;0.07407407407407407;0.2857142857142857;
202200000081;813 829;A01;0.75;0.08;0.05555555555555555;0.2;0.30000000000000004;0.07407407407407407;0.2857142857142857;
202200000082;813 827;A01;0.75;0.08;0.05555555555555555;0.30000000000000004;0.2;0.07407407407407407;0.2857142857142857;
202200000082;813 828;B01;0.5;0.18000000000000002;0.05555555555555555;0.30000000000000004;0.2;0.07407407407407407;0.2857142857142857;
202200000083;813 825;A01;0.75;0.08;0.05555555555555555;1.0;0.4;0.5925925925925926;0.2857142857142857;
202200000083;813 826;B01;0.5;0.81;0.05555555555555555;0.30000000000000004;0.2;0.07407407407407407;0.5714285714285714;
202200000084;813 824;A01;0.5;0.08;0.7777777777777778;0.1;0.2;0.07407407407407407;0.2857142857142857;
202200000085;813 823;A01;0.5;0.08;0.05555555555555555;0.1;0.1;0.8148148148148147;0.2857142857142857;
202200000086;813 822;A01;1.0;0.08;0.16666666666666666;0.1;0.2;0.07407407407407407;0.2857142857142857;
202200000087;813 820;B01;0.5;0.08;0.05555555555555555;0.30000000000000004;0.4;0.37037037037037035;0.2857142857142857;
202200000087;813 821;A01;0.75;0.02;0.05555555555555555;0.30000000000000004;0.2;0.07407407407407407;0.857142857142857;
202200000088;813 819;A01;1.0;0.08;0.16666666666666666;0.1;0.30000000000000004;0.07407407407407407;0.2857142857142857;
202200000089;813 818;A01;0.75;0.34;0.05555555555555555;0.1;0.1;0.5555555555555556;0.2857142857142857;
202200000090;813 817;A01;0.75;0.08;0.7777777777777778;0.1;0.2;0.07407407407407407;0.2857142857142857;
202200000091;813 815;B01;0.5;0.08;0.05555555555555555;0.30000000000000004;0.4;0.07407407407407407;0.2857142857142857;
202200000091;813 816;A01;0.75;0.08;0.05555555555555555;0.30000000000000004;0.4;0.5185185185185185;0.2857142857142857;
202200000092;813 811;A01;0.75;0.11;0.05555555555555555;0.30000000000000004;0.30000000000000004;0.6666666666666665;0.2857142857142857;
202200000092;813 812;B01;0.75;0.02;0.05555555555555555;0.30000000000000004;0.7000000000000001;0.07407407407407407;0.857142857142857;
202200000093;813 809;B01;0.25;0.34;0.05555555555555555;0.30000000000000004;0.2;0.6666666666666665;0.2857142857142857;
202200000093;813 810;A01;0.25;0.08;0.05555555555555555;1.0;0.4;0.5185185185185185;0.2857142857142857;
202200000094;813 808;A01;0.5;0.03;0.05555555555555555;0.1;0.30000000000000004;0.07407407407407407;0.2857142857142857;
202200000095;813 805;B01;1.0;0.08;0.05555555555555555;0.30000000000000004;0.2;0.37037037037037035;0.2857142857142857;
202200000095;813 806;A01;1.0;0.34;0.8888888888888888;0.30000000000000004;0.8;0.07407407407407407;0.2857142857142857;
202200000096;813 804;A01;0.5;0.08;0.16666666666666666;0.1;0.30000000000000004;0.5555555555555556;0.2857142857142857;
202200000097;813 801;C01;0.5;0.08;0.05555555555555555;0.30000000000000004;0.2;1.0;0.2857142857142857;
202200000097;813 802;B01;0.75;0.08;0.05555555555555555;0.30000000000000004;1.0;1.0;0.2857142857142857;
202200000097;813 803;A01;0.75;0.08;0.05555555555555555;0.30000000000000004;0.2;0.07407407407407407;0.2857142857142857;
202200000098;813 799;A01;0.5;0.08;0.05555555555555555;0.30000000000000004;0.2;0.07407407407407407;0.2857142857142857;
202200000098;813 800;B01;0.5;0.08;0.05555555555555555;0.1;0.5;0.8888888888888888;0.2857142857142857;
202200000099;813 798;A01;0.5;0.08;0.05555555555555555;0.2;0.4;0.07407407407407407;0.2857142857142857;
202200000100;813 796;B01;0.5;0.03;0.05555555555555555;0.30000000000000004;0.8;0.6296296296296295;0.2857142857142857;
202200000100;813 797;A01;0.75;0.34;0.5;0.30000000000000004;0.9;0.07407407407407407;0.2857142857142857;
202200000101;813 795;A01;0.75;0.08;0.7777777777777778;0.1;1.0;0.07407407407407407;0.2857142857142857;
202200000102;813 793;B01;0.5;0.08;0.05555555555555555;0.30000000000000004;0.2;0.037037037037037035;0.2857142857142857;
202200000102;813 794;A01;0.5;0.08;0.05555555555555555;0.1;0.5;0.8888888888888888;0.2857142857142857;
202200000103;813 791;A01;0.5;0.08;0.05555555555555555;0.30000000000000004;0.4;0.5185185185185185;0.42857142857142855;
202200000103;813 792;B01;0.75;0.38;0.05555555555555555;0.30000000000000004;0.2;0.07407407407407407;0.2857142857142857;1.0
202200000104;813 789;A01;0.5;0.18000000000000002;0.05555555555555555;0.1;0.7000000000000001;0.07407407407407407;0.2857142857142857;
202200000104;813 790;B01;0.5;0.11;0.05555555555555555;0.30000000000000004;0.30000000000000004;0.6666666666666665;0.2857142857142857;
202200000105;813 788;A01;0.75;0.08;0.5;0.1;0.2;0.07407407407407407;0.2857142857142857;
202200000106;813 786;A01;0.5;0.08;0.1111111111111111;0.1;0.2;0.07407407407407407;0.2857142857142857;
202200000106;813 787;B01;0.5;0.08;0.05555555555555555;0.1;0.9;0.9259259259259258;0.2857142857142857;
202200000107;813 785;A01;0.5;0.08;0.7777777777777778;0.1;0.30000000000000004;0.5185185185185185;0.2857142857142857;
202200000108;813 783;A01;0.5;0.11;0.05555555555555555;0.30000000000000004;0.4;0.07407407407407407;0.2857142857142857;
202200000108;813 784;B01;0.5;0.03;0.05555555555555555;0.1;0.5;0.1111111111111111;0.2857142857142857;
202200000109;813 781;B01;0.5;0.08;0.05555555555555555;0.30000000000000004;0.4;0.07407407407407407;0.2857142857142857;
202200000109;813 782;A01;0.75;0.08;0.05555555555555555;0.30000000000000004;0.4;0.6666666666666665;0.2857142857142857;
202200000110;813 780;A01;0.25;0.32;0.7222222222222222;0.1;0.1;0.6666666666666665;0.2857142857142857;
202200000111;813 779;A01;0.75;0.34;0.2777777777777778;0.1;0.8;0.07407407407407407;0.2857142857142857;
202200000112;813 777;A01;0.5;0.03;0.05555555555555555;0.30000000000000004;0.2;0.037037037037037035;0.2857142857142857;
202200000112;813 778;B01;0.75;0.08;0.7777777777777778;0.30000000000000004;0.2;0.2222222222222222;0.2857142857142857;
202200000113;813 776;A01;0.75;0.08;0.16666666666666666;0.1;0.4;0.07407407407407407;0.2857142857142857;
202200000114;813 775;A01;0.5;0.34;0.8333333333333333;0.1;0.2;0.6296296296296295;0.2857142857142857;
202200000115;813 773;B01;0.25;0.34;0.05555555555555555;0.30000000000000004;0.2;0.7037037037037037;0.2857142857142857;
202200000115;813 774;A01;0.25;0.08;0.05555555555555555;0.30000000000000004;0.30000000000000004;0.5925925925925926;0.2857142857142857;
202200000116;813 771;A01;0.75;0.08;0.05555555555555555;0.30000000000000004;0.2;0.5185185185185185;0.2857142857142857;
202200000116;813 772;B01;0.5;0.03;0.05555555555555555;0.30000000000000004;0.2;0.07407407407407407;0.2857142857142857;
202200000117;813 770;A01;0.75;0.34;0.2777777777777778;0.1;0.30000000000000004;0.5185185185185185;0.2857142857142857;
202200000118;813 769;A01;0.5;0.11;0.05555555555555555;0.2;0.30000000000000004;0.8148148148148147;0.2857142857142857;
202200000119;813 767;B01;0.75;0.08;0.05555555555555555;0.30000000000000004;0.4;0.07407407407407407;0.2857142857142857;
202200000119;813 768;A01;0.5;0.08;0.05555555555555555;0.30000000000000004;0.30000000000000004;0.5555555555555556;0.2857142857142857;
202200000120;813 765;A01;0.5;0.08;0.05555555555555555;0.30000000000000004;0.6;0.6666666666666665;0.2857142857142857;
202200000120;813 766;B01;0.5;0.02;0.05555555555555555;0.30000000000000004;0.4;0.07407407407407407;0.857142857142857;
202200000121;813 764;A01;0.5;0.08;0.05555555555555555;0.2;0.2;0.07407407407407407;0.2857142857142857;
202200000122;813 762;A01;0.5;0.37;0.05555555555555555;0.30000000000000004;0.30000000000000004;0.1111111111111111;0.2857142857142857;
202200000122;813 763;B01;0.5;0.37;0.05555555555555555;0.30000000000000004;0.7000000000000001;0.07407407407407407;0.2857142857142857;
202200000123;813 755;G01;0.75;0.08;0.05555555555555555;0.30000000000000004;0.1;0.037037037037037035;0.2857142857142857;
202200000123;813 756;A01;0.75;0.11;0.05555555555555555;0.30000000000000004;0.2;0.07407407407407407;0.2857142857142857;
202200000123;813 757;B01;0.75;0.15000000000000002;0.05555555555555555;0.30000000000000004;0.30000000000000004;0.07407407407407407;0.2857142857142857;
202200000123;813 758;C01;0.75;0.08;0.05555555555555555;0.30000000000000004;0.5;0.07407407407407407;0.2857142857142857;
202200000123;813 759;D01;0.75;0.18000000000000002;0.05555555555555555;0.30000000000000004;0.2;0.07407407407407407;0.2857142857142857;
202200000123;813 760;E01;0.75;0.08;0.05555555555555555;0.30000000000000004;0.1;0.037037037037037035;0.2857142857142857;
202200000123;813 761;F01;0.75;0.08;0.05555555555555555;0.30000000000000004;0.1;0.037037037037037035;0.2857142857142857;
202200000124;813 752;A01;0.75;0.08;0.05555555555555555;0.30000000000000004;0.30000000000000004;0.07407407407407407;0.2857142857142857;
202200000124;813 753;B01;0.75;0.34;0.05555555555555555;0.30000000000000004;0.8;0.07407407407407407;0.2857142857142857;
202200000124;813 754;Z01;0.75;0.08;0.05555555555555555;0.30000000000000004;0.9;0.4444444444444444;0.2857142857142857;
202200000125;813 750;A01;0.75;0.08;0.05555555555555555;0.30000000000000004;0.2;0.1111111111111111;0.2857142857142857;
202200000125;813 751;B01;0.75;0.34;0.05555555555555555;0.30000000000000004;0.5;0.8888888888888888;0.2857142857142857;
202200000126;813 746;D01;0.75;0.08;0.05555555555555555;0.30000000000000004;0.5;0.8888888888888888;0.2857142857142857;
202200000126;813 747;C01;0.75;0.08;0.05555555555555555;0.30000000000000004;0.5;0.8888888888888888;0.2857142857142857;
202200000126;813 748;B01;0.75;0.11;0.05555555555555555;0.30000000000000004;0.5;0.8888888888888888;0.2857142857142857;
202200000126;813 749;A01;0.75;0.11;0.05555555555555555;0.30000000000000004;0.2;0.1111111111111111;0.2857142857142857;
202200000127;813 745;A01;0.75;0.34;0.9444444444444444;0.1;0.2;0.5555555555555556;0.2857142857142857;
202200000128;813 743;B01;0.5;0.34;0.05555555555555555;0.30000000000000004;0.5;0.1111111111111111;0.2857142857142857;
202200000128;813 744;A01;0.5;0.08;0.05555555555555555;0.30000000000000004;0.2;0.1111111111111111;0.2857142857142857;
202200000129;813 742;A01;0.75;0.08;0.2777777777777778;0.1;0.2;0.07407407407407407;0.2857142857142857;
202200000130;813 738;D01;0.75;0.11;0.05555555555555555;0.30000000000000004;0.5;0.1111111111111111;0.2857142857142857;
202200000130;813 739;C01;0.75;0.11;0.05555555555555555;0.30000000000000004;0.9;0.1111111111111111;0.2857142857142857;
202200000130;813 740;A01;0.75;0.34;0.05555555555555555;0.30000000000000004;0.2;0.14814814814814814;0.2857142857142857;
202200000130;813 741;B01;0.75;0.08;0.05555555555555555;0.30000000000000004;0.6;0.1111111111111111;0.2857142857142857;
202200000131;813 735;C01;0.75;0.11;0.05555555555555555;0.30000000000000004;0.5;0.07407407407407407;0.2857142857142857;
202200000131;813 736;B01;0.75;0.08;0.05555555555555555;0.30000000000000004;0.5;0.07407407407407407;0.2857142857142857;
202200000131;813 737;A01;0.75;0.11;0.05555555555555555;0.30000000000000004;0.2;0.07407407407407407;0.2857142857142857;
202200000132;813 733;A01;0.75;0.08;0.05555555555555555;0.30000000000000004;0.4;0.37037037037037035;0.2857142857142857;
202200000132;813 734;B01;0.75;0.08;0.05555555555555555;0.30000000000000004;0.6;0.37037037037037035;0.2857142857142857;
202200000133;813 732;A01;0.5;0.08;0.2777777777777778;0.1;0.2;0.07407407407407407;0.2857142857142857;