Num_Acc;id_vehicule;num_veh;senc;catv;obs;obsm;choc;manv;motor;occutc
202200000134;813 731;A01;0.5;0.08;0.2777777777777778;0.1;0.1;0.8148148148148147;0.2857142857142857;
202200000135;813 729;B01;0.5;0.08;0.05555555555555555;1.0;0.2;0.07407407407407407;0.2857142857142857;
202200000135;813 730;A01;0.5;0.08;0.2777777777777778;0.1;0.2;0.07407407407407407;0.5714285714285714;
202200000136;813 727;B01;0.75;0.08;0.05555555555555555;0.30000000000000004;0.5;0.1111111111111111;0.2857142857142857;
202200000136;813 728;A01;0.75;0.08;0.05555555555555555;0.30000000000000004;0.2;0.1111111111111111;0.2857142857142857;
202200000137;813 725;A01;0.75;0.08;0.05555555555555555;0.30000000000000004;0.7000000000000001;0.4444444444444444;0.2857142857142857;
202200000137;813 726;B01;0.75;0.34;0.05555555555555555;0.30000000000000004;0.2;0.14814814814814814;0.2857142857142857;
202200000138;813 720;C01;0.75;0.08;0.05555555555555555;0.30000000000000004;0.2;0.07407407407407407;0.42857142857142855;
202200000138;813 721;A01;0.75;0.08;0.05555555555555555;0.30000000000000004;0.5;0.8888888888888888;0.42857142857142855;
202200000138;813 722;E01;0.75;0.08;0.05555555555555555;0.30000000000000004;0.8;0.07407407407407407;0.2857142857142857;
202200000138;813 723;D01;0.75;0.08;0.1111111111111111;0.1;0.2;0.07407407407407407;0.2857142857142857;
202200000138;813 724;B01;0.75;0.11;0.1111111111111111;0.1;0.2;0.1111111111111111;0.2857142857142857;
202200000139;813 719;A01;0.75;0.08;0.2777777777777778;0.1;0.30000000000000004;0.1111111111111111;0.2857142857142857;
202200000140;813 715;B01;0.75;0.08;0.05555555555555555;0.30000000000000004;0.4;0.07407407407407407;0.2857142857142857;
202200000140;813 716;A01;0.75;0.08;0.05555555555555555;0.30000000000000004;0.2;0.2222222222222222;0.2857142857142857;
202200000141;813 713;B01;0.75;0.08;0.05555555555555555;0.30000000000000004;0.9;0.07407407407407407;0.2857142857142857;
202200000141;813 714;A01;0.5;0.08;0.05555555555555555;0.30000000000000004;0.30000000000000004;0.5555555555555556;0.2857142857142857;
202200000142;813 710;B01;0.5;0.08;0.05555555555555555;0.30000000000000004;0.9;0.07407407407407407;0.2857142857142857;
202200000142;813 711;A01;0.5;0.33;0.05555555555555555;0.30000000000000004;0.5;0.14814814814814814;0.2857142857142857;
202200000142;813 712;Z01;0.5;0.33;0.05555555555555555;0.30000000000000004;0.2;0.14814814814814814;0.2857142857142857;
202200000143;813 708;B01;0.75;0.08;0.05555555555555555;0.30000000000000004;0.5;0.1111111111111111;0.42857142857142855;
202200000143;813 709;A01;0.75;0.34;0.05555555555555555;0.30000000000000004;0.2;0.1111111111111111;0.2857142857142857;
202200000144;813 705;Z01;0.75;0.08;0.05555555555555555;0.30000000000000004;0.9;0.4444444444444444;0.2857142857142857;
202200000144;813 706;B01;0.75;0.08;0.05555555555555555;0.30000000000000004;0.6;0.07407407407407407;0.2857142857142857;
202200000144;813 707;A01;0.75;0.44;0.05555555555555555;0.30000000000000004;0.8;0.14814814814814814;0.2857142857142857;
202200000145;813 702;C01;0.5;0.11;0.05555555555555555;0.30000000000000004;0.5;0.1111111111111111;0.2857142857142857;
202200000145;813 703;B01;0.5;0.08;0.2777777777777778;0.30000000000000004;0.5;0.1111111111111111;0.2857142857142857;
202200000145;813 704;A01;0.5;0.08;0.05555555555555555;0.30000000000000004;0.2;0.1111111111111111;0.2857142857142857;
202200000146;813 700;A01;0.5;0.08;0.05555555555555555;0.30000000000000004;0.4;0.5925925925925926;0.2857142857142857;
202200000146;813 701;B01;0.5;0.81;0.05555555555555555;0.30000000000000004;0.2;0.07407407407407407;0.5714285714285714;
202200000147;813 698;A01;0.5;0.02;0.05555555555555555;0.30000000000000004;0.2;0.07407407407407407;0.857142857142857;
202200000147;813 699;Z01;0.75;0.08;0.05555555555555555;0.30000000000000004;0.1;0.6666666666666665;0.14285714285714285;
202200000148;813 697;A01;0.5;0.11;0.05555555555555555;0.2;0.2;0.07407407407407407;0.2857142857142857;
202200000149;813 696;A01;0.5;0.33;0.05555555555555555;0.2;0.2;0.07407407407407407;0.2857142857142857;
202200000150;813 694;B01;0.5;0.11;0.05555555555555555;0.1;0.1;0.07407407407407407;0.2857142857142857;
202200000150;813 695;A01;0.5;0.31;0.05555555555555555;0.1;0.1;0.37037037037037035;0.2857142857142857;
202200000151;813 691;B01;1.0;0.08;0.05555555555555555;0.30000000000000004;0.5;0.8888888888888888;0.42857142857142855;
202200000151;813 692;C01;1.0;0.08;0.05555555555555555;0.30000000000000004;0.5;0.8888888888888888;0.2857142857142857;
202200000151;813 693;A01;1.0;0.08;0.05555555555555555;0.30000000000000004;0.2;0.1111111111111111;0.2857142857142857;
202200000152;813 690;A01;0.5;0.02;0.05555555555555555;0.1;0.1;0.8148148148148147;0.857142857142857;
202200000153;813 689;A01;0.5;0.08;0.05555555555555555;0.2;0.2;0.5925925925925926;0.42857142857142855;
202200000154;813 688;A01;0.5;0.08;0.05555555555555555;0.2;0.30000000000000004;0.07407407407407407;0.2857142857142857;
202200000155;813 687;A01;0.75;0.51;0.05555555555555555;0.2;0.30000000000000004;0.9629629629629628;0.5714285714285714;
202200000156;813 685;A01;0.5;0.08;0.05555555555555555;0.30000000000000004;0.30000000000000004;0.07407407407407407;0.2857142857142857;
202200000156;813 686;B01;0.5;0.08;0.05555555555555555;0.30000000000000004;0.4;0.37037037037037035;0.2857142857142857;
202200000157;813 684;A01;0.5;0.02;0.05555555555555555;0.2;0.2;0.07407407407407407;0.857142857142857;
202200000158;813 682;A01;0.5;0.08;0.05555555555555555;0.30000000000000004;0.5;0.18518518518518517;0.2857142857142857;
202200000158;813 683;B01;0.5;0.11;0.05555555555555555;0.30000000000000004;0.2;0.1111111111111111;0.2857142857142857;
202200000159;813 680;B01;0.75;0.32;0.05555555555555555;0.30000000000000004;0.2;0.7037037037037037;0.2857142857142857;
202200000159;813 681;A01;0.5;0.08;0.05555555555555555;0.30000000000000004;0.4;0.5925925925925926;0.14285714285714285;
202200000160;813 678;B01;1.0;0.08;0.05555555555555555;0.30000000000000004;0.2;0.07407407407407407;0.2857142857142857;
202200000160;813 679;A01;1.0;0.08;0.05555555555555555;0.30000000000000004;0.8;0.6296296296296295;0.2857142857142857;
202200000161;813 676;B01;0.5;0.08;0.05555555555555555;0.30000000000000004;0.4;0.07407407407407407;0.2857142857142857;
202200000161;813 677;A01;0.5;0.51;0.05555555555555555;0.30000000000000004;0.30000000000000004;0.6296296296296295;0.5714285714285714;
202200000162;813 674;A01;0.75;0.11;0.05555555555555555;0.30000000000000004;0.2;0.07407407407407407;0.2857142857142857;
202200000162;813 675;B01;0.75;0.08;0.05555555555555555;0.30000000000000004;0.8;0.07407407407407407;0.2857142857142857;
202200000163;813 670;B01;0.75;0.04;0.05555555555555555;0.30000000000000004;0.2;0.07407407407407407;0.14285714285714285;
202200000163;813 671;A01;0.75;0.04;0.05555555555555555;0.30000000000000004;0.9;0.07407407407407407;0.14285714285714285;
202200000164;813 669;A01;1.0;0.02;0.05555555555555555;0.1;0.1;0.07407407407407407;0.857142857142857;
202200000165;813 667;B01;1.0;0.02;0.05555555555555555;0.30000000000000004;0.2;0.6296296296296295;0.857142857142857;
202200000165;813 668;A01;1.0;0.08;0.05555555555555555;0.30000000000000004;0.4;0.5925925925925926;0.2857142857142857;
202200000166;813 665;A01;1.0;0.08;0.05555555555555555;0.30000000000000004;0.2;0.37037037037037035;0.2857142857142857;
202200000166;813 666;B01;1.0;0.02;0.05555555555555555;0.30000000000000004;0.8;0.07407407407407407;0.857142857142857;
202200000167;813 663;A01;0.75;0.03;0.05555555555555555;0.30000000000000004;0.2;0.5185185185185185;0.2857142857142857;
202200000167;813 664;B01;0.5;0.08;0.05555555555555555;0.30000000000000004;0.2;0.07407407407407407;0.2857142857142857;
202200000168;813 662;Z01;0.75;0.08;0.05555555555555555;0.2;0.1;0.037037037037037035;0.0;
202200000169;813 661;A01;0.5;0.31;0.2777777777777778;0.1;0.9;0.5185185185185185;0.2857142857142857;
202200000170;813 660;A01;1.0;0.33;0.05555555555555555;0.2;0.30000000000000004;0.6666666666666665;0.2857142857142857;
202200000171;813 659;A01;0.5;0.08;0.1111111111111111;0.1;0.2;0.07407407407407407;0.2857142857142857;
202200000172;813 657;A01;0.5;0.08;0.05555555555555555;0.30000000000000004;0.30000000000000004;0.4074074074074074;0.2857142857142857;
202200000172;813 658;B01;0.5;0.33;0.05555555555555555;0.30000000000000004;0.4;0.07407407407407407;0.2857142857142857;
202200000173;813 655;B01;0.5;0.08;0.05555555555555555;0.30000000000000004;0.5;0.1111111111111111;0.2857142857142857;
202200000173;813 656;A01;0.5;0.11;0.05555555555555555;0.30000000000000004;0.2;0.1111111111111111;0.2857142857142857;
202200000174;813 653;B01;0.75;0.08;0.05555555555555555;0.30000000000000004;0.7000000000000001;0.07407407407407407;0.2857142857142857;
202200000174;813 654;A01;0.75;0.16;0.05555555555555555;0.30000000000000004;0.30000000000000004;0.48148148148148145;0.2857142857142857;
202200000175;813 651;A01;0.25;0.08;0.05555555555555555;0.30000000000000004;0.2;0.07407407407407407;0.2857142857142857;
202200000175;813 652;B01;0.25;0.08;0.05555555555555555;0.30000000000000004;0.4;0.07407407407407407;0.2857142857142857;
202200000176;813 649;A01;0.5;0.08;0.05555555555555555;1.0;0.8;0.8518518518518519;0.2857142857142857;
202200000176;813 650;B01;0.5;0.02;0.1111111111111111;0.1;0.30000000000000004;0.5555555555555556;0.857142857142857;
202200000177;813 647;A01;0.5;0.08;0.05555555555555555;0.30000000000000004;0.30000000000000004;0.37037037037037035;0.2857142857142857;
202200000177;813 648;B01;0.5;0.34;0.05555555555555555;0.30000000000000004;0.2;0.07407407407407407;0.2857142857142857;
202200000178;813 645;A01;0.25;0.08;0.05555555555555555;0.30000000000000004;0.4;0.5925925925925926;0.2857142857142857;
202200000178;813 646;B01;1.0;0.31;0.05555555555555555;0.30000000000000004;0.4;0.5925925925925926;0.2857142857142857;
202200000179;813 643;B01;0.75;1.0;0.05555555555555555;0.30000000000000004;0.8;0.07407407407407407;0.5714285714285714;
202200000179;813 644;A01;0.5;0.08;0.05555555555555555;0.30000000000000004;0.30000000000000004;0.6296296296296295;0.2857142857142857;
202200000180;813 641;B01;1.0;0.14;0.05555555555555555;0.30000000000000004;0.30000000000000004;0.037037037037037035;0.2857142857142857;
202200000180;813 642;A01;1.0;0.08;0.05555555555555555;0.30000000000000004;0.7000000000000001;0.37037037037037035;0.42857142857142855;
202200000181;813 639;B01;0.5;0.08;0.05555555555555555;0.30000000000000004;0.5;0.07407407407407407;0.42857142857142855;
202200000181;813 640;A01;0.5;0.34;0.05555555555555555;0.30000000000000004;0.2;0.1111111111111111;0.2857142857142857;
202200000182;813 638;A01;0.75;0.08;0.5;0.1;0.30000000000000004;0.5185185185185185;0.2857142857142857;
202200000183;813 636;B01;0.75;0.11;0.05555555555555555;0.30000000000000004;0.5;0.07407407407407407;0.2857142857142857;
202200000183;813 637;A01;0.75;0.32;0.05555555555555555;0.30000000000000004;0.2;0.07407407407407407;0.2857142857142857;
202200000184;813 634;B01;0.5;0.08;0.05555555555555555;0.30000000000000004;0.2;0.07407407407407407;0.2857142857142857;
202200000184;813 635;A01;0.75;0.02;0.05555555555555555;0.30000000000000004;0.8;0.07407407407407407;0.857142857142857;
202200000185;813 632;B01;1.0;0.08;0.05555555555555555;0.30000000000000004;0.2;0.07407407407407407;0.2857142857142857;
202200000185;813 633;A01;1.0;0.34;0.05555555555555555;0.30000000000000004;0.8;0.4074074074074074;0.2857142857142857;
202200000186;813 631;A01;0.25;0.11;0.05555555555555555;0.2;0.2;0.5925925925925926;0.2857142857142857;
202200000187;813 629;B01;0.5;0.34;0.05555555555555555;0.30000000000000004;0.2;0.07407407407407407;0.2857142857142857;
202200000187;813 630;A01;0.5;0.51;0.05555555555555555;0.30000000000000004;0.9;0.5925925925925926;0.5714285714285714;
202200000188;813 628;A01;0.5;0.08;0.05555555555555555;0.2;0.30000000000000004;0.07407407407407407;0.42857142857142855;
202200000189;813 627;A01;0.75;0.31;0.05555555555555555;0.2;0.2;0.07407407407407407;0.5714285714285714;
202200000190;813 626;A01;0.75;0.11;0.05555555555555555;0.2;0.2;0.07407407407407407;0.2857142857142857;
202200000191;813 624;B01;0.75;0.31;0.05555555555555555;0.30000000000000004;0.8;0.07407407407407407;0.2857142857142857;
202200000191;813 625;A01;0.75;0.08;0.05555555555555555;0.30000000000000004;0.30000000000000004;0.6296296296296295;0.2857142857142857;
202200000192;813 623;A01;0.75;0.08;0.05555555555555555;0.2;0.2;0.2222222222222222;0.2857142857142857;
202200000193;813 621;B01;0.5;0.33;0.05555555555555555;0.30000000000000004;0.2;0.07407407407407407;0.2857142857142857;
202200000193;813 622;A01;0.75;0.08;0.05555555555555555;0.30000000000000004;0.4;0.5925925925925926;0.2857142857142857;
202200000194;813 618;A01;0.75;0.08;0.05555555555555555;0.30000000000000004;0.2;0.5925925925925926;0.42857142857142855;
202200000194;813 619;B01;0.5;0.44;0.05555555555555555;0.30000000000000004;0.2;0.1111111111111111;0.2857142857142857;
202200000194;813 620;C01;0.5;0.03;0.05555555555555555;0.30000000000000004;0.2;0.07407407407407407;0.2857142857142857;
202200000195;813 617;A01;0.5;0.08;0.05555555555555555;0.2;0.1;0.037037037037037035;0.2857142857142857;
202200000196;813 615;A01;1.0;0.08;0.05555555555555555;0.30000000000000004;0.2;0.07407407407407407;0.2857142857142857;
202200000196;813 616;B01;0.75;0.03;0.05555555555555555;0.30000000000000004;0.2;0.07407407407407407;0.2857142857142857;
202200000197;813 613;B01;0.5;0.35000000000000003;0.05555555555555555;0.30000000000000004;0.30000000000000004;0.6666666666666665;0.2857142857142857;
202200000197;813 614;A01;0.75;0.08;0.05555555555555555;0.30000000000000004;0.2;0.8148148148148147;0.2857142857142857;
202200000198;813 611;B01;0.25;0.04;0.05555555555555555;0.30000000000000004;0.2;0.7407407407407407;0.14285714285714285;
202200000198;813 612;A01;0.25;0.33;0.05555555555555555;0.30000000000000004;0.9;0.07407407407407407;0.2857142857142857;
202200000199;813 609;A01;0.5;0.08;0.05555555555555555;0.30000000000000004;0.30000000000000004;0.1111111111111111;0.42857142857142855;
202200000199;813 610;B01;0.5;0.08;0.05555555555555555;0.30000000000000004;0.7000000000000001;0.9259259259259258;0.2857142857142857;
202200000200;813 607;B01;0.5;0.51;0.05555555555555555;0.30000000000000004;0.2;0.07407407407407407;0.5714285714285714;
202200000200;813 608;A01;0.5;0.08;0.05555555555555555;0.30000000000000004;0.4;0.07407407407407407;0.2857142857142857;
202200000201;813 605;B01;0.5;0.11;0.05555555555555555;0.30000000000000004;0.2;0.5925925925925926;0.2857142857142857;
202200000201;813 606;A01;0.5;0.31;0.05555555555555555;0.30000000000000004;0.2;0.5925925925925926;0.2857142857142857;
202200000202;813 603;B01;0.5;0.32;0.05555555555555555;0.30000000000000004;0.9;0.07407407407407407;0.2857142857142857;
202200000202;813 604;A01;0.5;0.08;0.05555555555555555;0.30000000000000004;0.4;0.5925925925925926;0.2857142857142857;
202200000203;813 602;A01;0.5;0.02;0.05555555555555555;0.1;0.2;0.5925925925925926;0.857142857142857;
202200000204;813 600;B01;0.75;0.81;0.05555555555555555;0.30000000000000004;0.9;0.07407407407407407;0.5714285714285714;
202200000204;813 601;A01;0.5;0.08;0.05555555555555555;0.30000000000000004;0.2;0.07407407407407407;0.2857142857142857;
202200000205;813 599;A01;0.5;0.08;0.05555555555555555;0.2;0.2;0.6296296296296295;0.2857142857142857;
202200000206;813 598;A01;0.5;0.08;0.4444444444444444;0.1;0.2;0.07407407407407407;0.2857142857142857;
202200000207;813 597;A01;0.25;0.08;0.38888888888888884;0.1;0.2;0.07407407407407407;0.2857142857142857;
202200000208;813 596;A01;0.5;0.08;0.7777777777777778;0.1;0.4;0.07407407407407407;0.2857142857142857;
202200000209;813 594;A01;0.5;0.08;0.05555555555555555;0.30000000000000004;0.2;0.07407407407407407;0.2857142857142857;
202200000209;813 595;B01;0.75;0.08;0.05555555555555555;0.30000000000000004;0.8;0.07407407407407407;0.2857142857142857;
202200000210;813 593;A01;0.75;0.34;0.7777777777777778;0.1;0.2;0.07407407407407407;0.2857142857142857;
202200000211;813 591;A01;0.75;0.32;0.05555555555555555;0.30000000000000004;0.9;0.037037037037037035;0.2857142857142857;
202200000211;813 592;B01;0.5;0.08;0.05555555555555555;0.1;0.8;0.037037037037037035;0.14285714285714285;
202200000212;813 590;A01;0.75;0.11;0.7777777777777778;0.1;0.30000000000000004;0.07407407407407407;0.2857142857142857;
202200000213;813 589;A01;0.5;0.08;0.9444444444444444;0.1;0.30000000000000004;0.5555555555555556;0.2857142857142857;
202200000214;813 588;A01;0.75;0.08;0.05555555555555555;0.2;0.8;0.07407407407407407;0.2857142857142857;
202200000215;813 587;A01;0.75;0.34;0.7222222222222222;0.1;0.8;0.8888888888888888;0.2857142857142857;
202200000216;813 585;A01;1.0;0.34;0.05555555555555555;0.1;0.9;0.07407407407407407;0.2857142857142857;
202200000217;813 583;A01;1.0;0.08;0.05555555555555555;1.0;0.2;0.07407407407407407;0.2857142857142857;
202200000217;813 584;B01;1.0;0.02;0.7222222222222222;0.30000000000000004;0.7000000000000001;0.5555555555555556;0.857142857142857;
202200000218;813 581;B01;0.5;0.08;0.05555555555555555;0.1;0.1;0.5185185185185185;0.14285714285714285;
202200000218;813 582;A01;0.75;0.08;0.16666666666666666;0.1;0.2;0.5555555555555556;0.2857142857142857;
202200000219;813 579;A01;0.75;0.08;0.05555555555555555;0.30000000000000004;0.30000000000000004;0.5925925925925926;0.2857142857142857;
202200000219;813 580;B01;0.5;0.34;0.05555555555555555;0.30000000000000004;0.2;0.07407407407407407;0.2857142857142857;
202200000220;813 577;B01;0.5;0.08;0.05555555555555555;0.30000000000000004;0.8;0.07407407407407407;0.2857142857142857;
202200000220;813 578;A01;0.75;0.03;0.05555555555555555;0.30000000000000004;0.2;0.07407407407407407;0.2857142857142857;
202200000221;813 576;A01;0.75;0.08;0.16666666666666666;0.1;0.4;0.6296296296296295;0.2857142857142857;
202200000222;813 575;A01;0.5;0.03;0.05555555555555555;0.1;0.1;0.6296296296296295;0.2857142857142857;
202200000223;813 574;A01;0.5;0.08;0.05555555555555555;0.2;0.30000000000000004;0.07407407407407407;0.42857142857142855;
202200000224;813 572;A01;0.75;0.11;0.05555555555555555;0.30000000000000004;0.30000000000000004;0.1111111111111111;0.2857142857142857;
202200000224;813 573;B01;0.75;0.08;0.1111111111111111;0.30000000000000004;0.6;0.1111111111111111;0.2857142857142857;
202200000225;813 571;A01;0.75;0.08;1.0;0.1;0.1;0.07407407407407407;0.2857142857142857;
202200000226;813 569;A01;0.5;0.08;0.05555555555555555;1.0;0.30000000000000004;0.1111111111111111;0.2857142857142857;
202200000226;813 570;B01;0.5;0.02;0.05555555555555555;0.1;0.5;0.1111111111111111;0.857142857142857;
202200000227;813 568;A01;0.75;0.08;0.38888888888888884;0.1;0.4;0.5185185185185185;0.2857142857142857;
202200000228;813 565;A01;0.5;0.08;0.7777777777777778;0.1;0.4;0.07407407407407407;0.2857142857142857;
202200000229;813 564;A01;0.75;0.03;0.5;0.1;0.1;0.037037037037037035;0.2857142857142857;
202200000230;813 562;B01;0.5;0.34;0.05555555555555555;0.30000000000000004;0.30000000000000004;0.6666666666666665;0.2857142857142857;
202200000230;813 563;A01;0.5;0.08;0.05555555555555555;0.30000000000000004;0.4;0.5925925925925926;0.2857142857142857;
202200000231;813 560;A01;0.75;0.08;0.05555555555555555;0.30000000000000004;0.2;0.5185185185185185;0.2857142857142857;
202200000231;813 561;B01;0.5;0.16;0.05555555555555555;0.30000000000000004;0.4;0.8148148148148147;0.2857142857142857;
202200000232;813 559;A01;0.75;0.32;0.8888888888888888;0.1;0.2;0.07407407407407407;0.2857142857142857;
202200000233;813 557;A01;0.5;0.08;0.38888888888888884;0.30000000000000004;0.4;0.07407407407407407;0.2857142857142857;
202200000233;813 558;B01;0.5;0.08;0.05555555555555555;0.30000000000000004;0.30000000000000004;0.7407407407407407;0.2857142857142857;
202200000234;813 556;A01;0.75;0.34;0.2222222222222222;0.1;0.30000000000000004;0.07407407407407407;0.2857142857142857;
202200000235;813 555;A01;0.5;0.08;0.16666666666666666;0.1;0.30000000000000004;0.7407407407407407;0.2857142857142857;
202200000236;813 554;A01;0.5;0.34;0.2777777777777778;0.1;0.2;0.07407407407407407;0.2857142857142857;
202200000237;813 553;A01;0.5;0.08;0.05555555555555555;0.2;0.30000000000000004;0.07407407407407407;0.2857142857142857;
202200000238;813 551;A01;0.5;0.11;0.05555555555555555;0.30000000000000004;0.4;0.7407407407407407;0.2857142857142857;
202200000238;813 552;B01;0.5;0.32;0.05555555555555555;0.30000000000000004;0.2;0.07407407407407407;0.2857142857142857;
202200000239;813 549;B01;0.5;0.16;0.05555555555555555;0.30000000000000004;0.2;0.07407407407407407;0.2857142857142857;
202200000239;813 550;A01;0.75;0.08;0.05555555555555555;0.30000000000000004;0.2;0.5185185185185185;0.2857142857142857;
202200000240;813 547;B01;0.75;0.08;0.05555555555555555;0.1;0.5;0.1111111111111111;0.2857142857142857;
202200000240;813 548;A01;0.75;0.34;0.05555555555555555;0.30000000000000004;0.2;0.037037037037037035;0.2857142857142857;
202200000241;813 545;A01;0.5;0.08;0.05555555555555555;0.1;0.9;0.07407407407407407;0.2857142857142857;
202200000241;813 546;B01;1.0;0.08;0.05555555555555555;0.30000000000000004;0.2;0.6296296296296295;0.2857142857142857;
202200000242;813 544;A01;0.75;0.08;0.5;0.1;0.4;0.6666666666666665;0.2857142857142857;
202200000243;813 542;A01;0.75;0.08;0.05555555555555555;0.30000000000000004;0.4;0.5185185185185185;0.2857142857142857;
202200000243;813 543;B01;0.5;0.08;0.05555555555555555;0.30000000000000004;0.9;0.07407407407407407;0.2857142857142857;
202200000244;813 540;A01;0.5;0.08;0.05555555555555555;0.1;0.2;0.5185185185185185;0.2857142857142857;
202200000244;813 541;B01;0.75;0.08;0.05555555555555555;0.1;0.4;0.07407407407407407;0.2857142857142857;
202200000245;813 538;A01;0.25;0.32;0.05555555555555555;0.30000000000000004;0.8;0.1111111111111111;0.2857142857142857;
202200000245;813 539;B01;0.25;0.08;0.05555555555555555;0.30000000000000004;0.4;0.1111111111111111;0.2857142857142857;
202200000246;813 536;A01;0.5;0.11;0.05555555555555555;0.30000000000000004;0.2;0.07407407407407407;0.2857142857142857;
202200000246;813 537;B01;1.0;0.08;0.5555555555555556;0.30000000000000004;0.7000000000000001;0.07407407407407407;0.2857142857142857;
202200000247;813 535;A01;0.5;0.34;0.7777777777777778;0.1;0.30000000000000004;0.6666666666666665;0.2857142857142857;
202200000248;813 531;C01;0.75;0.08;0.05555555555555555;0.1;0.7000000000000001;0.8888888888888888;0.42857142857142855;
202200000248;813 532;D01;0.5;0.08;0.05555555555555555;0.30000000000000004;0.9;0.07407407407407407;0.2857142857142857;
202200000248;813 533;B01;0.75;0.34;0.05555555555555555;0.1;0.7000000000000001;0.8888888888888888;0.2857142857142857;
202200000248;813 534;A01;0.75;0.34;0.05555555555555555;0.30000000000000004;1.0;0.07407407407407407;0.2857142857142857;
202200000249;813 530;A01;0.5;0.08;0.7777777777777778;0.1;0.2;0.07407407407407407;0.2857142857142857;
202200000250;813 529;A01;0.5;0.08;0.05555555555555555;0.2;0.4;0.037037037037037035;0.2857142857142857;
202200000251;813 527;B01;0.75;0.81;0.05555555555555555;0.30000000000000004;0.8;0.07407407407407407;0.5714285714285714;
202200000251;813 528;A01;0.75;0.22;0.05555555555555555;1.0;0.4;0.6296296296296295;0.2857142857142857;
202200000252;813 525;A01;0.75;0.08;0.05555555555555555;0.30000000000000004;0.30000000000000004;0.07407407407407407;0.2857142857142857;
202200000252;813 526;B01;0.75;0.32;0.05555555555555555;0.1;0.5;0.07407407407407407;0.2857142857142857;
202200000253;813 523;A01;0.5;0.08;0.05555555555555555;0.30000000000000004;0.30000000000000004;0.1111111111111111;0.2857142857142857;
202200000253;813 524;B01;0.5;0.02;0.05555555555555555;0.30000000000000004;0.9;0.5185185185185185;0.857142857142857;
202200000254;813 520;A01;0.25;0.08;0.05555555555555555;0.30000000000000004;0.2;0.07407407407407407;0.2857142857142857;
202200000254;813 521;B01;0.25;0.08;0.05555555555555555;0.30000000000000004;0.5;0.07407407407407407;0.2857142857142857;
202200000254;813 522;C01;0.25;0.08;0.05555555555555555;0.1;0.5;0.07407407407407407;0.2857142857142857;
202200000255;813 518;A01;0.5;0.08;0.05555555555555555;0.30000000000000004;0.4;0.07407407407407407;0.2857142857142857;
202200000255;813 519;B01;0.75;0.08;0.05555555555555555;0.30000000000000004;0.30000000000000004;0.07407407407407407;0.2857142857142857;
202200000256;813 517;A01;0.25;0.01;0.05555555555555555;0.2;0.1;0.037037037037037035;0.14285714285714285;
202200000257;813 515;B01;0.75;0.51;0.05555555555555555;0.30000000000000004;0.1;0.07407407407407407;0.5714285714285714;
202200000257;813 516;A01;0.75;0.16;0.05555555555555555;1.0;0.2;0.37037037037037035;0.2857142857142857;
202200000258;813 514;A01;0.75;0.34;0.05555555555555555;0.1;0.1;0.07407407407407407;0.2857142857142857;
202200000259;813 511;C01;0.5;0.08;0.2777777777777778;0.30000000000000004;0.5;0.1111111111111111;0.2857142857142857;
202200000259;813 512;B01;0.5;0.08;0.2777777777777778;0.30000000000000004;0.6;0.1111111111111111;0.2857142857142857;
202200000259;813 513;A01;0.5;0.08;0.2777777777777778;0.30000000000000004;0.2;0.1111111111111111;0.2857142857142857;
202200000260;813 509;B01;0.75;0.08;0.2777777777777778;0.30000000000000004;0.7000000000000001;0.9259259259259258;0.2857142857142857;