Num_Acc;id_vehicule;num_veh;senc;catv;obs;obsm;choc;manv;motor;occutc
202200000260;813 510;A01;0.75;0.08;0.2777777777777778;0.30000000000000004;0.2;0.5555555555555556;0.2857142857142857;
202200000261;813 506;C01;0.5;0.08;0.05555555555555555;0.30000000000000004;0.5;0.037037037037037035;0.2857142857142857;
202200000261;813 507;B01;0.5;0.08;0.05555555555555555;0.30000000000000004;0.5;0.1111111111111111;0.2857142857142857;
202200000261;813 508;A01;0.5;0.11;0.05555555555555555;0.30000000000000004;0.2;0.1111111111111111;0.2857142857142857;
202200000262;813 504;A01;0.75;0.32;0.05555555555555555;0.30000000000000004;0.30000000000000004;0.07407407407407407;0.5714285714285714;
202200000262;813 505;B01;0.75;0.08;0.05555555555555555;0.30000000000000004;0.7000000000000001;0.07407407407407407;0.2857142857142857;
202200000263;813 502;B01;0.5;0.08;0.2222222222222222;0.30000000000000004;0.2;0.1111111111111111;0.2857142857142857;
202200000263;813 503;A01;0.5;0.08;0.05555555555555555;0.30000000000000004;0.5;0.037037037037037035;0.2857142857142857;
202200000264;813 500;A01;0.75;0.11;0.05555555555555555;0.30000000000000004;0.5;0.037037037037037035;0.14285714285714285;
202200000264;813 501;B01;0.75;0.34;0.05555555555555555;0.30000000000000004;0.2;0.037037037037037035;0.2857142857142857;
202200000265;813 498;A01;0.5;0.08;0.05555555555555555;0.30000000000000004;0.30000000000000004;0.1111111111111111;0.2857142857142857;
202200000265;813 499;B01;0.5;0.34;0.05555555555555555;0.30000000000000004;0.4;0.48148148148148145;0.2857142857142857;
202200000266;813 496;A01;0.5;0.08;0.05555555555555555;0.30000000000000004;0.5;0.1111111111111111;0.2857142857142857;
202200000266;813 497;B01;0.5;0.08;0.05555555555555555;0.30000000000000004;0.2;0.037037037037037035;0.2857142857142857;
202200000267;813 495;A01;0.5;0.04;0.05555555555555555;0.2;0.2;0.07407407407407407;0.2857142857142857;
202200000268;813 491;A01;0.5;0.08;0.05555555555555555;0.30000000000000004;0.2;0.5185185185185185;0.2857142857142857;
202200000268;813 492;B01;0.75;0.08;0.05555555555555555;0.30000000000000004;0.4;0.8888888888888888;0.2857142857142857;
202200000268;813 493;C01;0.75;0.08;0.05555555555555555;0.30000000000000004;0.30000000000000004;0.8888888888888888;0.2857142857142857;
202200000269;813 489;B01;0.75;0.08;0.05555555555555555;0.30000000000000004;0.7000000000000001;0.37037037037037035;0.2857142857142857;
202200000269;813 490;A01;0.5;0.08;0.05555555555555555;0.30000000000000004;0.4;0.07407407407407407;0.2857142857142857;
202200000270;813 488;A01;0.75;0.08;0.05555555555555555;0.2;0.2;0.07407407407407407;0.2857142857142857;
202200000271;813 487;A01;0.5;0.08;0.05555555555555555;0.2;0.2;0.07407407407407407;0.2857142857142857;
202200000272;813 485;B01;0.5;0.08;0.05555555555555555;0.30000000000000004;0.2;0.07407407407407407;0.2857142857142857;
202200000272;813 486;A01;0.75;0.08;0.05555555555555555;0.30000000000000004;0.30000000000000004;0.5925925925925926;0.2857142857142857;
202200000273;813 483;A01;0.5;0.08;0.05555555555555555;0.30000000000000004;0.2;0.37037037037037035;0.2857142857142857;
202200000273;813 484;B01;0.5;0.08;0.05555555555555555;0.30000000000000004;0.30000000000000004;0.07407407407407407;0.42857142857142855;
202200000274;813 481;A01;0.75;0.08;0.05555555555555555;0.30000000000000004;0.8;0.07407407407407407;0.2857142857142857;
202200000274;813 482;B01;0.75;0.08;0.05555555555555555;0.30000000000000004;0.30000000000000004;0.07407407407407407;0.2857142857142857;
202200000275;813 478;B01;0.5;0.08;0.05555555555555555;0.30000000000000004;0.2;0.1111111111111111;0.2857142857142857;
202200000275;813 480;A01;0.5;0.08;0.05555555555555555;0.30000000000000004;0.5;0.1111111111111111;0.2857142857142857;
202200000276;813 477;B01;0.75;0.08;0.05555555555555555;0.30000000000000004;0.4;0.07407407407407407;0.14285714285714285;
202200000276;813 479;A01;0.5;0.33;0.05555555555555555;0.30000000000000004;0.2;0.2222222222222222;0.2857142857142857;
202200000277;813 474;B01;1.0;0.11;0.05555555555555555;0.30000000000000004;0.2;0.07407407407407407;0.2857142857142857;
202200000277;813 476;A01;1.0;0.35000000000000003;0.05555555555555555;0.30000000000000004;0.2;0.5185185185185185;0.2857142857142857;
202200000278;813 473;A01;0.75;0.11;0.05555555555555555;0.30000000000000004;0.9;0.6666666666666665;0.2857142857142857;
202200000278;813 475;B01;0.75;0.34;0.05555555555555555;0.30000000000000004;0.8;0.6666666666666665;0.2857142857142857;
202200000279;813 470;B01;0.75;0.08;0.05555555555555555;0.30000000000000004;0.6;0.1111111111111111;0.2857142857142857;
202200000279;813 472;A01;0.75;0.08;0.05555555555555555;0.30000000000000004;0.7000000000000001;0.1111111111111111;0.2857142857142857;
202200000280;813 469;A01;1.0;0.08;0.05555555555555555;0.30000000000000004;0.4;0.07407407407407407;0.2857142857142857;
202200000280;813 471;B01;1.0;0.04;0.05555555555555555;0.30000000000000004;0.4;0.037037037037037035;0.2857142857142857;
202200000281;813 466;A01;0.5;0.08;0.6111111111111112;0.1;0.2;0.07407407407407407;0.2857142857142857;
202200000282;813 467;A01;0.75;0.08;0.05555555555555555;0.30000000000000004;0.2;0.07407407407407407;0.2857142857142857;
202200000282;813 468;B01;0.75;0.08;0.05555555555555555;0.30000000000000004;0.7000000000000001;0.5925925925925926;0.2857142857142857;
202200000283;813 463;A01;1.0;0.08;0.05555555555555555;0.2;0.30000000000000004;0.5925925925925926;0.2857142857142857;
202200000284;813 464;A01;0.75;0.08;0.05555555555555555;0.30000000000000004;0.7000000000000001;0.5925925925925926;0.2857142857142857;
202200000284;813 465;B01;0.75;0.08;0.05555555555555555;0.30000000000000004;0.4;0.07407407407407407;0.2857142857142857;
202200000285;813 460;B01;0.25;0.34;0.05555555555555555;0.1;0.5;0.07407407407407407;0.2857142857142857;
202200000285;813 462;A01;0.25;0.08;0.05555555555555555;0.30000000000000004;0.2;0.07407407407407407;0.2857142857142857;
202200000286;813 459;A01;0.75;0.33;0.05555555555555555;0.30000000000000004;0.2;0.07407407407407407;0.2857142857142857;
202200000286;813 461;B01;0.5;0.08;0.05555555555555555;0.30000000000000004;0.8;0.5925925925925926;0.2857142857142857;
202200000287;813 456;A01;0.5;0.03;0.05555555555555555;0.30000000000000004;0.30000000000000004;0.8148148148148147;0.2857142857142857;
202200000287;813 458;B01;0.5;0.11;0.05555555555555555;0.30000000000000004;0.7000000000000001;0.6296296296296295;0.2857142857142857;
202200000288;813 455;B01;1.0;0.08;0.05555555555555555;0.30000000000000004;0.4;0.07407407407407407;0.2857142857142857;
202200000288;813 457;A01;1.0;0.34;0.05555555555555555;0.30000000000000004;0.2;0.07407407407407407;0.2857142857142857;
202200000289;813 454;A01;0.5;0.03;0.05555555555555555;0.1;0.1;0.037037037037037035;0.2857142857142857;
202200000290;813 453;A01;0.25;0.38;0.05555555555555555;0.2;0.1;0.07407407407407407;0.14285714285714285;1.0
202200000291;813 450;B01;0.5;0.08;0.05555555555555555;0.30000000000000004;0.4;0.2222222222222222;0.2857142857142857;
202200000291;813 451;A01;0.75;0.08;0.05555555555555555;0.30000000000000004;0.4;0.07407407407407407;0.2857142857142857;
202200000292;813 449;A01;0.5;0.34;0.05555555555555555;0.1;0.8;0.07407407407407407;0.2857142857142857;
202200000293;813 445;B01;0.75;0.03;0.05555555555555555;0.30000000000000004;0.4;0.37037037037037035;0.2857142857142857;
202200000293;813 446;A01;0.75;0.08;0.05555555555555555;0.30000000000000004;0.30000000000000004;0.07407407407407407;0.2857142857142857;
202200000294;813 444;A01;1.0;0.08;0.05555555555555555;0.2;0.4;0.07407407407407407;0.2857142857142857;
202200000295;813 440;B01;0.5;0.08;0.05555555555555555;0.30000000000000004;0.9;0.07407407407407407;0.2857142857142857;
202200000295;813 442;A01;0.5;0.11;0.05555555555555555;0.30000000000000004;0.2;0.7407407407407407;0.2857142857142857;
202200000296;813 441;B01;0.5;0.11;0.05555555555555555;0.30000000000000004;0.30000000000000004;0.037037037037037035;0.14285714285714285;
202200000296;813 443;A01;0.5;0.08;0.2777777777777778;0.30000000000000004;0.30000000000000004;0.2222222222222222;0.2857142857142857;
202200000297;813 438;A01;0.25;0.16;0.05555555555555555;0.2;0.2;0.07407407407407407;0.2857142857142857;
202200000298;813 439;A01;0.75;0.34;0.7222222222222222;0.1;0.2;0.1111111111111111;0.2857142857142857;
202200000299;813 435;B01;0.25;0.08;0.05555555555555555;0.30000000000000004;0.1;0.037037037037037035;0.2857142857142857;
202200000299;813 437;A01;0.25;0.03;0.05555555555555555;0.30000000000000004;0.1;0.037037037037037035;0.2857142857142857;
202200000300;813 433;A01;0.5;0.35000000000000003;0.2222222222222222;0.30000000000000004;0.8;0.14814814814814814;0.2857142857142857;
202200000300;813 434;B01;0.5;0.08;0.2222222222222222;0.30000000000000004;0.7000000000000001;0.07407407407407407;0.2857142857142857;
202200000300;813 436;C01;0.5;0.08;0.05555555555555555;0.30000000000000004;0.9;0.07407407407407407;0.2857142857142857;
202200000301;813 432;A01;0.5;0.51;0.1111111111111111;0.1;0.8;0.07407407407407407;0.5714285714285714;
202200000302;813 429;A01;0.75;0.11;0.05555555555555555;0.30000000000000004;0.5;0.07407407407407407;0.2857142857142857;
202200000302;813 431;B01;0.75;0.08;0.05555555555555555;0.30000000000000004;0.2;0.1111111111111111;0.2857142857142857;
202200000303;813 428;B01;0.75;0.81;0.05555555555555555;0.30000000000000004;0.2;0.07407407407407407;0.5714285714285714;
202200000303;813 430;A01;0.5;0.08;0.05555555555555555;0.30000000000000004;0.4;0.5925925925925926;0.2857142857142857;
202200000304;813 427;A01;0.75;0.08;0.2222222222222222;0.1;0.2;0.5555555555555556;0.2857142857142857;
202200000305;813 422;A01;1.0;0.08;0.1111111111111111;0.1;0.30000000000000004;0.1111111111111111;0.2857142857142857;
202200000305;813 426;B01;1.0;0.08;0.1111111111111111;0.1;0.4;0.1111111111111111;0.14285714285714285;
202200000306;813 420;A01;0.5;0.08;0.05555555555555555;0.30000000000000004;0.5;0.07407407407407407;0.2857142857142857;
202200000306;813 421;B01;0.5;0.08;0.05555555555555555;0.30000000000000004;0.5;0.1111111111111111;0.2857142857142857;
202200000306;813 423;C01;0.5;0.08;0.05555555555555555;0.30000000000000004;0.5;0.07407407407407407;0.2857142857142857;
202200000306;813 424;D01;0.5;0.08;0.05555555555555555;0.30000000000000004;0.5;0.037037037037037035;0.2857142857142857;
202200000306;813 425;E01;0.5;0.08;0.05555555555555555;0.30000000000000004;0.2;0.1111111111111111;0.2857142857142857;
202200000307;813 418;A01;1.0;0.08;0.05555555555555555;0.30000000000000004;0.30000000000000004;0.5925925925925926;0.2857142857142857;
202200000307;813 419;B01;1.0;0.31;0.05555555555555555;0.30000000000000004;0.2;0.07407407407407407;0.14285714285714285;
202200000308;813 416;B01;0.75;0.11;0.05555555555555555;0.30000000000000004;0.7000000000000001;0.1111111111111111;0.2857142857142857;
202200000308;813 417;A01;0.75;0.18000000000000002;0.05555555555555555;0.30000000000000004;0.2;0.1111111111111111;0.2857142857142857;
202200000309;813 414;A01;0.75;0.03;0.05555555555555555;0.30000000000000004;0.2;0.7407407407407407;0.2857142857142857;
202200000309;813 415;B01;0.75;0.08;0.05555555555555555;0.30000000000000004;0.9;0.07407407407407407;0.2857142857142857;
202200000310;813 412;A01;0.75;0.34;0.05555555555555555;0.30000000000000004;0.2;0.1111111111111111;0.2857142857142857;
202200000310;813 413;B01;0.75;0.08;0.05555555555555555;0.30000000000000004;0.6;0.07407407407407407;0.2857142857142857;
202200000311;813 411;A01;0.5;0.34;0.05555555555555555;0.1;0.1;0.07407407407407407;0.2857142857142857;
202200000312;813 410;A01;0.5;0.08;0.1111111111111111;0.1;0.2;0.5555555555555556;0.2857142857142857;
202200000313;813 406;B01;0.5;0.08;0.05555555555555555;0.30000000000000004;0.2;0.07407407407407407;0.2857142857142857;
202200000313;813 408;A01;0.5;0.08;0.05555555555555555;0.30000000000000004;0.30000000000000004;0.07407407407407407;0.2857142857142857;
202200000314;813 405;C01;0.5;0.08;0.05555555555555555;0.30000000000000004;0.5;0.07407407407407407;0.2857142857142857;
202200000314;813 407;A01;0.5;0.08;0.05555555555555555;0.30000000000000004;0.2;0.07407407407407407;0.2857142857142857;
202200000314;813 409;B01;0.5;0.08;0.05555555555555555;0.30000000000000004;0.5;0.07407407407407407;0.2857142857142857;
202200000315;813 402;B01;1.0;0.33;0.05555555555555555;0.30000000000000004;0.2;0.07407407407407407;0.2857142857142857;
202200000315;813 404;A01;1.0;0.08;0.05555555555555555;0.30000000000000004;0.4;0.8148148148148147;0.42857142857142855;
202200000316;813 403;A01;0.75;0.08;0.2777777777777778;0.1;0.30000000000000004;0.07407407407407407;0.2857142857142857;
202200000317;813 401;A01;0.75;0.08;0.05555555555555555;0.2;0.30000000000000004;0.07407407407407407;0.2857142857142857;
202200000318;813 399;B01;0.75;0.34;0.05555555555555555;0.30000000000000004;0.4;0.14814814814814814;0.2857142857142857;
202200000318;813 400;A01;0.75;0.11;0.05555555555555555;0.30000000000000004;0.30000000000000004;0.48148148148148145;0.2857142857142857;
202200000319;813 398;Y01;1.0;0.02;0.8888888888888888;0.1;0.2;1.0;0.857142857142857;
202200000320;813 395;A01;0.75;0.11;0.05555555555555555;0.30000000000000004;0.8;0.5925925925925926;0.2857142857142857;
202200000320;813 397;B01;0.5;0.08;0.05555555555555555;0.30000000000000004;0.30000000000000004;0.07407407407407407;0.2857142857142857;
202200000321;813 394;B01;0.5;0.34;0.05555555555555555;0.30000000000000004;0.9;0.14814814814814814;0.2857142857142857;
202200000321;813 396;A01;0.5;0.08;0.05555555555555555;0.30000000000000004;0.8;0.07407407407407407;0.2857142857142857;
202200000322;813 390;B01;1.0;0.81;0.05555555555555555;0.30000000000000004;0.9;0.9629629629629628;0.5714285714285714;
202200000322;813 393;A01;1.0;0.08;0.05555555555555555;0.30000000000000004;0.2;0.7407407407407407;0.2857142857142857;
202200000323;813 388;A01;0.5;0.11;0.5555555555555556;0.1;0.2;0.07407407407407407;0.2857142857142857;
202200000324;813 389;A01;0.75;0.08;0.05555555555555555;0.30000000000000004;0.9;0.4444444444444444;0.2857142857142857;
202200000324;813 391;B01;0.75;0.16;0.05555555555555555;0.30000000000000004;0.30000000000000004;0.07407407407407407;0.2857142857142857;
202200000324;813 392;C01;0.75;0.08;0.05555555555555555;0.30000000000000004;0.8;0.07407407407407407;0.2857142857142857;
202200000325;813 387;A01;0.5;0.08;0.05555555555555555;0.2;0.4;0.2962962962962963;0.2857142857142857;
202200000326;813 383;D01;0.75;0.08;0.05555555555555555;0.30000000000000004;0.9;0.1111111111111111;0.2857142857142857;
202200000326;813 384;C01;0.75;0.08;0.05555555555555555;0.30000000000000004;0.5;0.1111111111111111;0.2857142857142857;
202200000326;813 385;B01;0.75;0.08;0.05555555555555555;0.30000000000000004;1.0;0.1111111111111111;0.2857142857142857;
202200000326;813 386;A01;0.75;0.11;0.05555555555555555;0.30000000000000004;0.2;0.1111111111111111;0.2857142857142857;
202200000327;813 380;B01;0.75;0.11;0.05555555555555555;0.30000000000000004;0.5;0.07407407407407407;0.2857142857142857;
202200000327;813 381;A01;0.75;0.32;0.05555555555555555;0.30000000000000004;0.2;0.8148148148148147;0.2857142857142857;
202200000328;813 377;B01;0.5;0.08;0.05555555555555555;0.30000000000000004;0.5;0.1111111111111111;0.2857142857142857;
202200000328;813 378;A01;0.5;0.33;0.05555555555555555;0.30000000000000004;0.2;0.1111111111111111;0.2857142857142857;
202200000329;813 379;B01;1.0;0.11;0.05555555555555555;0.30000000000000004;0.2;0.07407407407407407;0.2857142857142857;
202200000329;813 382;A01;0.5;0.08;0.5;0.1;0.4;0.1111111111111111;0.2857142857142857;
202200000330;813 375;A01;0.5;0.08;0.7777777777777778;0.1;0.4;0.5185185185185185;0.2857142857142857;
202200000331;813 374;B01;0.5;0.08;0.05555555555555555;0.30000000000000004;0.2;0.07407407407407407;0.2857142857142857;
202200000331;813 376;A01;0.5;0.08;0.05555555555555555;0.30000000000000004;0.5;0.1111111111111111;0.2857142857142857;
202200000332;813 371;A01;1.0;0.38;0.05555555555555555;0.30000000000000004;0.6;0.6666666666666665;0.2857142857142857;1.0
202200000332;813 373;B01;1.0;0.02;0.05555555555555555;0.30000000000000004;0.9;0.07407407407407407;0.857142857142857;
202200000333;813 370;A01;0.5;0.08;0.05555555555555555;0.30000000000000004;0.30000000000000004;0.37037037037037035;0.2857142857142857;
202200000333;813 372;B01;0.5;0.08;0.05555555555555555;0.30000000000000004;0.7000000000000001;0.07407407407407407;0.42857142857142855;
202200000334;813 365;C01;0.75;0.08;0.05555555555555555;0.1;0.5;0.1111111111111111;0.2857142857142857;
202200000334;813 367;B01;0.75;0.11;0.05555555555555555;0.1;0.5;0.1111111111111111;0.2857142857142857;
202200000334;813 369;A01;0.75;0.08;0.05555555555555555;0.30000000000000004;0.2;0.1111111111111111;0.2857142857142857;
202200000335;813 364;A01;0.75;0.15000000000000002;0.05555555555555555;0.30000000000000004;0.30000000000000004;0.48148148148148145;0.2857142857142857;
202200000335;813 366;B01;0.75;0.08;0.1111111111111111;0.30000000000000004;0.7000000000000001;0.07407407407407407;0.2857142857142857;
202200000335;813 368;C01;0.75;0.08;0.05555555555555555;0.30000000000000004;0.2;0.07407407407407407;0.42857142857142855;
202200000336;813 363;A01;0.5;0.08;0.2222222222222222;0.1;0.2;0.5555555555555556;0.2857142857142857;
202200000337;813 362;A01;0.75;0.08;0.16666666666666666;0.1;0.2;0.07407407407407407;0.2857142857142857;
202200000338;813 361;A01;0.5;0.08;0.05555555555555555;0.2;0.2;0.07407407407407407;0.2857142857142857;
202200000339;813 360;A01;0.5;0.31;0.9444444444444444;0.1;0.2;0.1111111111111111;0.5714285714285714;
202200000340;813 358;A01;0.5;0.08;0.05555555555555555;0.30000000000000004;0.1;0.4444444444444444;0.2857142857142857;
202200000340;813 359;B01;0.5;0.08;0.05555555555555555;0.30000000000000004;0.30000000000000004;0.07407407407407407;0.2857142857142857;
202200000341;813 355;B01;1.0;0.08;0.05555555555555555;0.30000000000000004;0.8;0.5925925925925926;0.2857142857142857;
202200000341;813 357;A01;1.0;0.08;0.05555555555555555;0.30000000000000004;0.2;0.37037037037037035;0.2857142857142857;
202200000342;813 354;A01;0.5;0.08;0.05555555555555555;0.30000000000000004;0.2;0.5925925925925926;0.2857142857142857;
202200000342;813 356;B01;0.5;0.02;0.05555555555555555;0.30000000000000004;0.8;0.7407407407407407;0.857142857142857;
202200000343;813 351;A01;0.75;0.16;0.05555555555555555;0.30000000000000004;0.30000000000000004;0.48148148148148145;0.2857142857142857;
202200000343;813 352;B01;0.75;0.08;0.05555555555555555;0.30000000000000004;0.7000000000000001;0.07407407407407407;0.2857142857142857;
202200000344;813 350;A01;0.5;0.08;0.05555555555555555;0.30000000000000004;0.6;0.5925925925925926;0.2857142857142857;
202200000344;813 353;B01;0.5;0.08;0.05555555555555555;0.30000000000000004;0.2;0.6296296296296295;0.2857142857142857;
202200000345;813 346;C01;0.5;0.08;0.05555555555555555;0.30000000000000004;0.4;0.07407407407407407;0.2857142857142857;
202200000345;813 348;B01;0.75;0.33;0.05555555555555555;0.30000000000000004;0.9;0.07407407407407407;0.2857142857142857;
202200000345;813 349;A01;0.75;0.34;0.05555555555555555;0.30000000000000004;0.1;0.037037037037037035;0.14285714285714285;
202200000346;813 345;B01;1.0;0.08;0.05555555555555555;0.30000000000000004;0.5;0.8888888888888888;0.2857142857142857;
202200000346;813 347;A01;1.0;0.08;0.05555555555555555;0.30000000000000004;0.2;0.07407407407407407;0.2857142857142857;
202200000347;813 344;A01;0.75;0.08;0.1111111111111111;0.1;0.7000000000000001;0.5555555555555556;0.2857142857142857;
202200000348;813 341;A01;0.5;0.08;0.5;0.1;0.30000000000000004;0.5185185185185185;0.2857142857142857;
202200000349;813 340;A01;0.5;0.01;0.05555555555555555;0.2;0.2;0.07407407407407407;0.14285714285714285;
202200000350;813 338;A01;0.75;0.34;0.05555555555555555;0.30000000000000004;0.2;1.0;0.2857142857142857;
202200000350;813 339;B01;0.5;0.08;0.05555555555555555;0.30000000000000004;0.30000000000000004;0.5925925925925926;0.2857142857142857;
202200000351;813 336;B01;1.0;0.11;0.05555555555555555;0.30000000000000004;0.9;0.5925925925925926;0.2857142857142857;
202200000351;813 337;A01;1.0;0.08;0.05555555555555555;0.30000000000000004;0.2;0.07407407407407407;0.2857142857142857;
202200000352;813 334;A01;0.5;0.08;0.05555555555555555;0.30000000000000004;0.8;0.37037037037037035;0.2857142857142857;
202200000352;813 335;B01;0.5;0.08;0.05555555555555555;0.30000000000000004;0.2;0.07407407407407407;0.2857142857142857;
202200000353;813 333;A01;0.5;0.08;0.38888888888888884;0.1;0.2;0.5925925925925926;0.2857142857142857;
202200000354;813 331;A01;0.5;0.15000000000000002;0.05555555555555555;0.1;0.1;0.07407407407407407;0.2857142857142857;
202200000354;813 332;B01;0.75;0.11;0.05555555555555555;0.1;0.1;0.037037037037037035;0.14285714285714285;
202200000355;813 329;B01;0.75;0.08;0.05555555555555555;0.30000000000000004;0.9;0.07407407407407407;0.2857142857142857;
202200000355;813 330;A01;0.5;0.08;0.05555555555555555;0.30000000000000004;0.4;0.5185185185185185;0.2857142857142857;
202200000356;813 328;A01;0.75;0.08;0.05555555555555555;0.2;0.30000000000000004;0.5925925925925926;0.2857142857142857;
202200000357;813 325;A01;0.75;0.11;0.05555555555555555;0.30000000000000004;0.2;0.1111111111111111;0.2857142857142857;
202200000357;813 326;B01;0.75;0.08;0.05555555555555555;0.30000000000000004;0.5;0.1111111111111111;0.2857142857142857;
202200000357;813 327;C01;0.75;0.08;0.05555555555555555;0.30000000000000004;0.5;0.1111111111111111;0.2857142857142857;
202200000358;813 323;B01;0.75;0.08;0.05555555555555555;0.30000000000000004;0.2;0.07407407407407407;0.42857142857142855;
202200000358;813 324;A01;0.5;0.08;0.05555555555555555;0.30000000000000004;0.30000000000000004;0.07407407407407407;0.2857142857142857;
202200000359;813 321;A01;1.0;0.08;0.05555555555555555;0.30000000000000004;0.5;0.1111111111111111;0.2857142857142857;
202200000359;813 322;B01;1.0;0.08;0.05555555555555555;0.30000000000000004;0.30000000000000004;0.1111111111111111;0.2857142857142857;
202200000360;813 319;A01;0.5;0.03;0.05555555555555555;0.30000000000000004;0.9;0.37037037037037035;0.2857142857142857;
202200000360;813 320;Z01;0.5;0.08;0.05555555555555555;0.30000000000000004;0.8;0.07407407407407407;0.2857142857142857;
202200000361;813 317;B01;0.75;0.08;0.05555555555555555;0.30000000000000004;0.5;0.6296296296296295;0.2857142857142857;
202200000361;813 318;A01;0.5;0.34;0.05555555555555555;0.30000000000000004;0.2;0.07407407407407407;0.2857142857142857;
202200000362;813 315;B01;0.5;0.02;0.05555555555555555;0.30000000000000004;0.30000000000000004;0.07407407407407407;0.857142857142857;
202200000362;813 316;A01;0.75;0.08;0.05555555555555555;0.30000000000000004;0.2;0.5925925925925926;0.2857142857142857;
202200000363;813 313;A01;0.75;0.08;0.05555555555555555;0.30000000000000004;0.30000000000000004;0.07407407407407407;0.2857142857142857;
202200000363;813 314;B01;0.75;0.81;0.05555555555555555;0.30000000000000004;0.4;0.5925925925925926;0.5714285714285714;
202200000364;813 311;A01;0.5;0.08;0.05555555555555555;0.30000000000000004;0.2;0.5925925925925926;0.2857142857142857;
202200000364;813 312;B01;0.5;0.32;0.05555555555555555;0.30000000000000004;0.9;0.07407407407407407;0.2857142857142857;
202200000365;813 309;A01;0.5;0.08;0.05555555555555555;0.30000000000000004;0.4;0.4074074074074074;0.2857142857142857;
202200000365;813 310;B01;0.5;0.34;0.05555555555555555;0.30000000000000004;0.2;0.1111111111111111;0.2857142857142857;
202200000366;813 308;A01;0.5;0.08;0.05555555555555555;0.2;0.2;0.5925925925925926;0.2857142857142857;
202200000367;813 306;B01;0.5;0.33;0.05555555555555555;0.30000000000000004;0.9;0.07407407407407407;0.2857142857142857;
202200000367;813 307;A01;0.75;0.08;0.05555555555555555;0.30000000000000004;0.4;0.5925925925925926;0.2857142857142857;
202200000368;813 303;A01;0.75;0.31;0.05555555555555555;0.30000000000000004;0.2;0.07407407407407407;0.2857142857142857;
202200000368;813 304;B01;0.75;0.08;0.05555555555555555;0.30000000000000004;0.7000000000000001;0.8888888888888888;0.2857142857142857;
202200000368;813 305;C01;0.75;0.08;0.05555555555555555;0.30000000000000004;0.4;0.07407407407407407;0.2857142857142857;
202200000369;813 301;B01;0.75;0.34;0.05555555555555555;0.30000000000000004;0.4;0.07407407407407407;0.2857142857142857;
202200000369;813 302;A01;0.5;0.08;0.05555555555555555;0.30000000000000004;0.2;0.5925925925925926;0.2857142857142857;
202200000370;813 300;A01;0.5;0.11;0.38888888888888884;0.1;0.2;1.0;0.2857142857142857;
202200000371;813 296;A01;0.5;0.08;0.05555555555555555;0.30000000000000004;0.2;0.07407407407407407;0.2857142857142857;
202200000371;813 297;B01;0.75;0.51;0.05555555555555555;0.30000000000000004;0.9;0.07407407407407407;0.5714285714285714;
202200000372;813 293;C01;1.0;0.08;0.05555555555555555;0.30000000000000004;0.5;0.1111111111111111;0.2857142857142857;
202200000372;813 294;B01;1.0;0.08;0.05555555555555555;0.30000000000000004;0.5;0.1111111111111111;0.2857142857142857;
202200000372;813 295;A01;1.0;0.08;0.05555555555555555;0.30000000000000004;0.2;0.1111111111111111;0.2857142857142857;
202200000373;813 292;A01;1.0;0.38;0.05555555555555555;0.1;0.1;0.07407407407407407;0.2857142857142857;7.0