Num_Acc;id_vehicule;num_veh;senc;catv;obs;obsm;choc;manv;motor;occutc
202200000374;813 290;A01;0.5;0.08;0.05555555555555555;0.30000000000000004;0.30000000000000004;0.5925925925925926;0.2857142857142857;
202200000374;813 291;B01;0.75;0.33;0.05555555555555555;0.30000000000000004;0.2;0.07407407407407407;0.2857142857142857;
202200000375;813 288;A01;0.5;0.08;0.2777777777777778;0.30000000000000004;0.2;0.07407407407407407;0.2857142857142857;
202200000375;813 289;B01;0.5;0.11;0.05555555555555555;0.30000000000000004;0.9;0.07407407407407407;0.2857142857142857;
202200000376;813 287;A01;0.5;0.08;0.05555555555555555;0.2;0.9;0.07407407407407407;0.2857142857142857;
202200000377;813 285;Y01;0.25;0.02;0.05555555555555555;0.30000000000000004;0.9;0.37037037037037035;0.857142857142857;
202200000377;813 286;A01;0.5;0.08;0.05555555555555555;0.30000000000000004;0.30000000000000004;0.07407407407407407;0.2857142857142857;
202200000378;813 284;A01;1.0;0.08;0.05555555555555555;0.30000000000000004;0.30000000000000004;0.7407407407407407;0.2857142857142857;
202200000379;813 283;A01;0.5;0.08;0.5555555555555556;0.1;0.2;0.07407407407407407;0.2857142857142857;
202200000380;813 281;Z01;1.0;0.02;0.05555555555555555;0.30000000000000004;0.2;0.5925925925925926;0.857142857142857;
202200000380;813 282;A01;1.0;0.08;0.05555555555555555;1.0;0.6;0.6296296296296295;0.2857142857142857;
202200000381;813 280;A01;0.5;0.02;0.05555555555555555;0.2;0.30000000000000004;0.07407407407407407;0.857142857142857;
202200000382;813 278;B01;0.5;0.08;0.05555555555555555;0.30000000000000004;0.4;0.037037037037037035;0.2857142857142857;
202200000382;813 279;A01;0.75;0.08;0.05555555555555555;0.30000000000000004;0.2;0.5925925925925926;0.2857142857142857;
202200000383;813 276;B01;0.75;0.02;0.05555555555555555;0.30000000000000004;0.2;0.07407407407407407;0.857142857142857;
202200000383;813 277;Z01;0.75;0.39;0.05555555555555555;0.30000000000000004;0.5;0.18518518518518517;0.14285714285714285;1.0
202200000384;813 274;A01;1.0;0.08;0.05555555555555555;0.30000000000000004;0.9;0.37037037037037035;0.2857142857142857;
202200000384;813 275;B01;1.0;0.42000000000000004;0.05555555555555555;0.30000000000000004;0.30000000000000004;0.07407407407407407;0.5714285714285714;
202200000385;813 273;A01;0.75;0.34;0.05555555555555555;0.2;0.30000000000000004;0.07407407407407407;0.2857142857142857;
202200000386;813 271;A01;0.75;0.31;0.05555555555555555;0.30000000000000004;0.30000000000000004;0.6666666666666665;0.5714285714285714;
202200000386;813 272;B01;0.75;0.11;0.05555555555555555;0.30000000000000004;0.4;0.1111111111111111;0.2857142857142857;
202200000387;813 270;A01;1.0;0.08;0.05555555555555555;0.1;0.1;0.07407407407407407;0.2857142857142857;
202200000388;813 268;B01;0.5;0.08;0.05555555555555555;0.30000000000000004;0.5;0.07407407407407407;0.2857142857142857;
202200000388;813 269;A01;0.5;0.08;0.05555555555555555;0.30000000000000004;0.2;0.07407407407407407;0.2857142857142857;
202200000389;813 267;A01;0.5;0.11;0.8333333333333333;0.1;0.2;0.5555555555555556;0.2857142857142857;
202200000390;813 266;A01;0.75;0.11;0.16666666666666666;0.1;0.2;0.5555555555555556;0.2857142857142857;
202200000391;813 264;A01;0.5;0.44;0.05555555555555555;0.30000000000000004;0.4;0.1111111111111111;0.2857142857142857;
202200000391;813 265;B01;0.5;0.08;0.05555555555555555;0.30000000000000004;0.6;0.1111111111111111;0.2857142857142857;
202200000392;813 262;A01;0.5;0.02;0.05555555555555555;0.30000000000000004;0.5;0.1111111111111111;0.857142857142857;
202200000392;813 263;Z01;0.5;0.08;0.05555555555555555;0.30000000000000004;0.2;0.1111111111111111;0.14285714285714285;
202200000393;813 260;B01;0.5;0.11;0.6111111111111112;0.30000000000000004;0.6;0.07407407407407407;0.2857142857142857;
202200000393;813 261;A01;0.75;0.33;0.05555555555555555;0.30000000000000004;0.30000000000000004;0.07407407407407407;0.2857142857142857;
202200000394;813 258;Z01;0.5;0.02;0.05555555555555555;0.30000000000000004;0.1;0.5185185185185185;0.857142857142857;
202200000394;813 259;A01;0.75;0.02;0.05555555555555555;0.30000000000000004;0.1;0.07407407407407407;0.857142857142857;
202200000395;813 255;C01;0.75;0.08;0.05555555555555555;0.30000000000000004;0.5;0.1111111111111111;0.2857142857142857;
202200000395;813 256;B01;0.75;0.08;0.05555555555555555;0.30000000000000004;0.2;0.1111111111111111;0.5714285714285714;
202200000395;813 257;A01;0.75;0.08;0.05555555555555555;0.30000000000000004;0.2;0.1111111111111111;0.2857142857142857;
202200000396;813 253;B01;0.5;0.44;0.05555555555555555;0.30000000000000004;0.9;0.6666666666666665;0.2857142857142857;
202200000396;813 254;A01;0.5;0.38;0.05555555555555555;0.30000000000000004;0.9;0.5925925925925926;0.2857142857142857;1.0
202200000397;813 251;A01;1.0;0.31;0.05555555555555555;0.30000000000000004;0.1;0.07407407407407407;0.2857142857142857;
202200000397;813 252;Z01;1.0;0.08;0.05555555555555555;0.30000000000000004;0.1;0.07407407407407407;0.14285714285714285;
202200000398;813 250;Z01;0.75;0.02;0.05555555555555555;0.2;0.1;0.07407407407407407;0.857142857142857;
202200000399;813 249;A01;0.5;0.08;0.8333333333333333;0.30000000000000004;0.30000000000000004;0.48148148148148145;0.2857142857142857;
202200000400;813 248;A01;0.5;0.33;0.7222222222222222;0.1;1.0;0.5925925925925926;0.2857142857142857;
202200000401;813 246;B01;1.0;0.33;0.05555555555555555;0.30000000000000004;0.4;0.07407407407407407;0.2857142857142857;
202200000401;813 247;A01;1.0;0.32;0.05555555555555555;0.30000000000000004;0.2;0.07407407407407407;0.2857142857142857;
202200000402;813 244;A01;0.75;0.08;0.05555555555555555;0.30000000000000004;0.4;0.5925925925925926;0.2857142857142857;
202200000402;813 245;B01;0.75;0.02;0.05555555555555555;0.30000000000000004;0.30000000000000004;0.07407407407407407;0.857142857142857;
202200000403;813 243;A01;0.75;0.02;0.05555555555555555;0.1;0.2;0.07407407407407407;0.857142857142857;
202200000404;813 241;A01;0.75;0.81;0.05555555555555555;0.30000000000000004;0.9;0.2222222222222222;0.5714285714285714;
202200000404;813 242;B01;0.5;0.08;0.05555555555555555;0.30000000000000004;0.4;0.07407407407407407;0.42857142857142855;
202200000405;813 239;A01;0.5;0.08;0.05555555555555555;0.30000000000000004;0.30000000000000004;0.5925925925925926;0.42857142857142855;
202200000405;813 240;B01;0.75;0.02;0.05555555555555555;0.30000000000000004;0.2;0.07407407407407407;0.857142857142857;
202200000406;813 238;A01;0.75;0.44;0.8333333333333333;0.1;0.2;0.48148148148148145;0.2857142857142857;
202200000407;813 237;A01;0.5;0.02;0.05555555555555555;0.1;0.6;0.07407407407407407;0.857142857142857;
202200000408;813 235;B01;0.5;0.03;0.05555555555555555;0.30000000000000004;0.2;0.6666666666666665;0.2857142857142857;
202200000408;813 236;A01;0.5;0.08;0.05555555555555555;0.30000000000000004;0.4;1.0;0.2857142857142857;
202200000409;813 233;A01;0.5;0.02;0.05555555555555555;0.30000000000000004;0.5;0.07407407407407407;0.857142857142857;
202200000409;813 234;B01;0.5;0.33;0.05555555555555555;0.30000000000000004;0.2;0.1111111111111111;0.2857142857142857;
202200000410;813 231;A01;0.5;0.08;0.05555555555555555;0.30000000000000004;0.2;0.1111111111111111;0.2857142857142857;
202200000410;813 232;B01;0.5;0.08;0.05555555555555555;0.30000000000000004;0.5;0.1111111111111111;0.42857142857142855;
202200000411;813 230;A01;1.0;0.02;0.05555555555555555;0.1;0.1;0.5925925925925926;0.857142857142857;
202200000412;813 228;A01;0.5;0.08;0.05555555555555555;0.30000000000000004;0.30000000000000004;0.07407407407407407;0.2857142857142857;
202200000412;813 229;B01;0.5;0.51;0.05555555555555555;0.30000000000000004;0.2;0.07407407407407407;0.5714285714285714;
202200000413;813 227;A01;0.75;0.38;0.05555555555555555;0.2;0.6;0.07407407407407407;1.0;1.0
202200000414;813 225;B01;0.75;0.02;0.05555555555555555;0.30000000000000004;0.2;0.1111111111111111;0.857142857142857;
202200000414;813 226;A01;0.75;0.08;0.05555555555555555;0.30000000000000004;0.30000000000000004;0.6296296296296295;0.2857142857142857;
202200000415;813 224;A01;0.75;0.34;0.05555555555555555;0.2;0.2;0.5925925925925926;0.2857142857142857;
202200000416;813 222;B01;1.0;0.08;0.05555555555555555;0.30000000000000004;0.2;0.1111111111111111;0.2857142857142857;
202200000416;813 223;A01;1.0;0.08;0.05555555555555555;0.30000000000000004;0.5;0.37037037037037035;0.2857142857142857;
202200000417;813 220;A01;0.5;0.08;0.05555555555555555;0.30000000000000004;0.2;0.07407407407407407;0.2857142857142857;
202200000417;813 221;B01;0.75;0.61;0.05555555555555555;0.30000000000000004;0.2;0.7407407407407407;0.857142857142857;
202200000418;813 219;A01;0.75;0.08;0.05555555555555555;0.2;0.4;0.07407407407407407;0.2857142857142857;
202200000419;813 218;A01;0.5;0.51;0.05555555555555555;0.2;0.2;0.07407407407407407;0.5714285714285714;
202200000420;813 217;A01;0.5;0.08;0.05555555555555555;0.2;0.4;0.07407407407407407;0.2857142857142857;
202200000421;813 216;A01;0.5;0.01;0.05555555555555555;0.2;0.1;0.07407407407407407;0.14285714285714285;
202200000422;813 214;A01;0.25;0.31;0.05555555555555555;0.30000000000000004;0.2;0.2222222222222222;0.14285714285714285;
202200000422;813 215;B01;0.25;0.35000000000000003;0.05555555555555555;0.30000000000000004;0.2;0.07407407407407407;0.14285714285714285;
202200000423;813 212;A01;0.5;0.08;0.05555555555555555;0.30000000000000004;0.9;0.4074074074074074;0.2857142857142857;
202200000423;813 213;B01;0.5;0.08;0.05555555555555555;0.30000000000000004;0.5;1.0;0.2857142857142857;
202200000424;813 210;A01;0.5;0.11;0.05555555555555555;0.30000000000000004;0.4;0.037037037037037035;0.14285714285714285;
202200000424;813 211;B01;0.5;0.02;0.1111111111111111;0.30000000000000004;0.2;0.037037037037037035;0.857142857142857;
202200000425;813 208;B01;0.5;0.08;0.05555555555555555;0.30000000000000004;0.4;0.1111111111111111;0.2857142857142857;
202200000425;813 209;A01;0.5;0.33;0.05555555555555555;0.30000000000000004;0.8;1.0;0.2857142857142857;
202200000426;813 206;A01;0.5;0.51;0.1111111111111111;0.1;0.4;0.07407407407407407;0.5714285714285714;
202200000426;813 207;B01;0.5;0.08;0.1111111111111111;0.1;0.2;0.9259259259259258;0.14285714285714285;
202200000427;813 204;A01;0.5;0.02;0.05555555555555555;0.30000000000000004;0.2;0.07407407407407407;0.857142857142857;
202200000427;813 205;B01;0.5;0.02;0.05555555555555555;0.30000000000000004;0.5;0.07407407407407407;0.857142857142857;
202200000428;813 202;A01;0.75;0.08;0.05555555555555555;0.30000000000000004;0.2;0.07407407407407407;0.2857142857142857;
202200000428;813 203;B01;0.5;0.08;0.05555555555555555;0.30000000000000004;0.9;0.5925925925925926;0.2857142857142857;
202200000429;813 200;B01;0.75;0.08;0.05555555555555555;0.30000000000000004;0.4;0.6296296296296295;0.5714285714285714;
202200000429;813 201;A01;0.75;0.34;0.6666666666666666;0.1;0.30000000000000004;0.07407407407407407;0.2857142857142857;
202200000430;813 198;B01;0.5;0.34;0.05555555555555555;0.30000000000000004;0.4;0.07407407407407407;0.2857142857142857;
202200000430;813 199;A01;0.75;0.08;0.05555555555555555;0.30000000000000004;0.8;0.5925925925925926;0.2857142857142857;
202200000431;813 194;A01;0.75;0.08;0.05555555555555555;0.30000000000000004;0.2;0.5185185185185185;0.2857142857142857;
202200000431;813 196;B01;0.5;0.08;0.05555555555555555;0.30000000000000004;0.2;0.07407407407407407;0.2857142857142857;
202200000432;813 195;A01;0.75;0.08;0.2777777777777778;0.30000000000000004;0.2;0.8148148148148147;0.2857142857142857;
202200000432;813 197;B01;0.75;0.18000000000000002;0.05555555555555555;0.1;0.7000000000000001;1.0;0.2857142857142857;
202200000433;813 191;A01;1.0;0.35000000000000003;0.05555555555555555;0.30000000000000004;0.2;0.5185185185185185;0.2857142857142857;
202200000433;813 193;B01;1.0;0.08;0.05555555555555555;0.30000000000000004;0.2;0.07407407407407407;0.2857142857142857;
202200000434;813 189;B01;0.5;0.08;0.05555555555555555;0.30000000000000004;0.5;0.1111111111111111;0.2857142857142857;
202200000434;813 190;A01;0.5;0.08;0.1111111111111111;0.30000000000000004;0.2;0.1111111111111111;0.2857142857142857;
202200000435;813 188;B01;0.75;0.32;0.05555555555555555;0.30000000000000004;0.30000000000000004;0.1111111111111111;0.2857142857142857;
202200000435;813 192;A01;0.5;0.08;0.05555555555555555;0.30000000000000004;0.4;0.5925925925925926;0.2857142857142857;
202200000436;813 187;A01;0.5;0.08;0.05555555555555555;0.1;1.0;0.6666666666666665;0.2857142857142857;
202200000437;813 182;A01;0.5;0.08;0.8333333333333333;0.30000000000000004;0.2;0.1111111111111111;0.2857142857142857;
202200000437;813 184;B01;0.5;0.08;0.05555555555555555;0.2;0.1;0.8888888888888888;0.2857142857142857;
202200000438;813 183;A01;0.5;0.08;0.05555555555555555;0.30000000000000004;0.2;0.4074074074074074;0.2857142857142857;
202200000438;813 185;B01;0.75;0.03;0.05555555555555555;0.30000000000000004;0.4;0.07407407407407407;0.2857142857142857;
202200000439;813 181;A01;0.75;0.08;1.0;0.1;0.2;0.5555555555555556;0.2857142857142857;
202200000440;813 178;A01;0.75;0.08;0.05555555555555555;0.30000000000000004;0.2;0.5185185185185185;0.2857142857142857;
202200000440;813 179;B01;0.5;0.08;0.05555555555555555;0.1;0.2;0.07407407407407407;0.2857142857142857;
202200000441;813 177;B01;0.5;0.08;0.05555555555555555;0.30000000000000004;0.4;0.5925925925925926;0.2857142857142857;
202200000441;813 180;A01;0.75;0.34;0.05555555555555555;0.30000000000000004;0.30000000000000004;0.6666666666666665;0.2857142857142857;
202200000442;813 176;A01;0.75;0.34;0.9444444444444444;0.1;0.2;0.037037037037037035;0.2857142857142857;
202200000443;813 174;A01;0.75;0.51;0.05555555555555555;0.30000000000000004;0.9;0.1111111111111111;0.5714285714285714;
202200000443;813 175;B01;0.75;0.08;0.05555555555555555;0.30000000000000004;0.6;0.5185185185185185;0.2857142857142857;
202200000444;813 173;A01;0.5;0.34;0.05555555555555555;0.1;0.2;0.07407407407407407;0.2857142857142857;
202200000445;813 171;B01;0.75;0.08;0.05555555555555555;0.30000000000000004;0.4;0.07407407407407407;0.2857142857142857;
202200000445;813 172;A01;0.5;0.34;0.05555555555555555;0.30000000000000004;0.2;0.2222222222222222;0.2857142857142857;
202200000446;813 170;A01;0.25;0.02;0.05555555555555555;0.1;0.1;0.07407407407407407;0.857142857142857;
202200000447;813 169;A01;0.5;0.08;0.05555555555555555;0.2;0.30000000000000004;0.07407407407407407;0.2857142857142857;
202200000448;813 167;A01;0.5;0.08;0.16666666666666666;0.30000000000000004;0.2;0.07407407407407407;0.2857142857142857;
202200000448;813 168;B01;0.75;0.08;0.05555555555555555;0.30000000000000004;0.30000000000000004;0.5555555555555556;0.2857142857142857;
202200000449;813 166;A01;0.75;0.08;0.7777777777777778;0.1;1.0;0.037037037037037035;0.2857142857142857;
202200000450;813 165;A01;0.5;0.08;0.05555555555555555;0.2;0.4;0.5185185185185185;0.14285714285714285;
202200000451;813 163;A01;0.5;0.04;0.16666666666666666;0.1;0.2;0.5185185185185185;0.2857142857142857;
202200000452;813 162;A01;0.75;0.02;0.05555555555555555;0.30000000000000004;0.2;0.07407407407407407;0.857142857142857;
202200000452;813 164;B01;1.0;0.61;0.05555555555555555;0.30000000000000004;0.8;0.7407407407407407;0.857142857142857;
202200000453;813 160;A01;0.75;0.34;0.05555555555555555;0.1;0.2;0.8148148148148147;0.2857142857142857;
202200000454;813 159;B01;0.75;0.08;0.05555555555555555;0.30000000000000004;0.2;0.07407407407407407;0.2857142857142857;
202200000454;813 161;A01;0.5;0.08;0.05555555555555555;0.30000000000000004;0.30000000000000004;0.5925925925925926;0.2857142857142857;
202200000455;813 157;A01;0.5;0.34;0.8888888888888888;0.1;0.2;0.07407407407407407;0.2857142857142857;
202200000456;813 156;B01;0.75;0.08;0.05555555555555555;0.30000000000000004;0.30000000000000004;0.037037037037037035;0.2857142857142857;
202200000456;813 158;A01;0.75;0.34;0.05555555555555555;0.30000000000000004;0.8;0.037037037037037035;0.2857142857142857;
202200000457;813 154;B01;0.75;0.02;0.05555555555555555;0.30000000000000004;0.2;0.07407407407407407;0.857142857142857;
202200000457;813 155;A01;0.5;0.08;0.05555555555555555;0.1;0.8;0.5925925925925926;0.2857142857142857;
202200000458;813 153;A01;1.0;0.08;0.05555555555555555;0.1;0.9;0.07407407407407407;0.2857142857142857;
202200000459;813 149;C01;0.75;0.11;0.05555555555555555;0.30000000000000004;0.2;0.07407407407407407;0.2857142857142857;
202200000459;813 150;A01;0.75;0.08;0.05555555555555555;0.30000000000000004;0.5;0.8888888888888888;0.42857142857142855;
202200000459;813 152;B01;0.75;0.08;0.05555555555555555;0.30000000000000004;0.5;0.8888888888888888;0.2857142857142857;
202200000460;813 148;A01;0.5;0.08;0.7777777777777778;0.1;0.2;0.5185185185185185;0.2857142857142857;
202200000461;813 147;A01;0.5;0.08;0.05555555555555555;0.30000000000000004;0.30000000000000004;0.5925925925925926;0.2857142857142857;
202200000461;813 151;B01;0.5;0.04;0.38888888888888884;0.1;0.4;0.07407407407407407;0.2857142857142857;
202200000462;813 145;A01;0.5;0.08;0.05555555555555555;0.1;0.4;0.07407407407407407;0.2857142857142857;
202200000463;813 144;B01;0.5;0.02;0.05555555555555555;0.30000000000000004;0.9;0.07407407407407407;0.857142857142857;
202200000463;813 146;A01;0.5;0.11;0.05555555555555555;0.30000000000000004;0.9;0.07407407407407407;0.2857142857142857;
202200000464;813 141;A01;0.75;0.08;0.05555555555555555;0.30000000000000004;1.0;0.1111111111111111;0.2857142857142857;
202200000464;813 142;B01;0.75;0.08;0.05555555555555555;0.30000000000000004;0.2;0.07407407407407407;0.2857142857142857;
202200000464;813 143;C01;0.5;0.08;0.05555555555555555;0.30000000000000004;0.4;0.8148148148148147;0.2857142857142857;
202200000465;813 138;B01;0.5;0.08;0.05555555555555555;0.30000000000000004;0.2;0.07407407407407407;0.2857142857142857;
202200000465;813 140;A01;1.0;0.08;0.05555555555555555;0.30000000000000004;0.1;0.037037037037037035;0.14285714285714285;
202200000466;813 136;B01;0.5;0.08;0.05555555555555555;0.1;0.8;0.07407407407407407;0.2857142857142857;
202200000466;813 139;A01;0.5;0.08;0.05555555555555555;0.30000000000000004;0.2;0.37037037037037035;0.2857142857142857;
202200000467;813 135;B01;0.5;0.08;0.05555555555555555;0.30000000000000004;0.9;0.5925925925925926;0.2857142857142857;
202200000467;813 137;A01;0.5;0.31;0.05555555555555555;0.30000000000000004;0.9;0.07407407407407407;0.2857142857142857;
202200000468;813 131;B01;0.5;0.08;0.05555555555555555;0.30000000000000004;0.4;0.07407407407407407;0.2857142857142857;
202200000468;813 133;A01;0.75;0.08;0.05555555555555555;0.30000000000000004;0.4;0.5185185185185185;0.42857142857142855;
202200000469;813 132;A01;0.75;0.08;0.05555555555555555;0.30000000000000004;0.30000000000000004;0.5925925925925926;0.2857142857142857;
202200000469;813 134;B01;0.75;0.08;0.05555555555555555;0.30000000000000004;0.2;0.07407407407407407;0.14285714285714285;
202200000470;813 129;B01;0.5;0.08;0.05555555555555555;0.30000000000000004;0.2;0.07407407407407407;0.2857142857142857;
202200000470;813 130;A01;0.75;0.08;0.05555555555555555;0.30000000000000004;1.0;0.07407407407407407;0.2857142857142857;
202200000471;813 127;A01;1.0;0.08;0.05555555555555555;0.30000000000000004;0.2;0.1111111111111111;0.2857142857142857;
202200000471;813 128;B01;1.0;0.08;0.8888888888888888;0.30000000000000004;0.5;0.6296296296296295;0.14285714285714285;
202200000472;813 126;A01;0.75;0.11;0.7777777777777778;0.1;0.4;0.07407407407407407;0.2857142857142857;
202200000473;813 125;A01;0.5;0.08;0.05555555555555555;0.2;0.6;0.07407407407407407;0.2857142857142857;
202200000474;813 121;B01;0.5;1.0;0.05555555555555555;0.30000000000000004;0.2;0.1111111111111111;0.14285714285714285;
202200000474;813 123;A01;0.75;0.08;0.05555555555555555;0.30000000000000004;0.8;0.6296296296296295;0.2857142857142857;
202200000475;813 119;B01;0.5;0.08;0.05555555555555555;0.30000000000000004;0.2;0.07407407407407407;0.2857142857142857;
202200000475;813 124;A01;0.75;0.08;0.05555555555555555;0.30000000000000004;0.2;1.0;0.2857142857142857;
202200000476;813 120;A01;0.5;0.08;0.05555555555555555;0.30000000000000004;0.2;0.5185185185185185;0.2857142857142857;
202200000476;813 122;B01;0.75;0.08;0.05555555555555555;0.30000000000000004;0.2;0.07407407407407407;0.2857142857142857;
202200000477;813 117;A01;0.5;0.08;0.5;0.1;1.0;0.8148148148148147;0.2857142857142857;
202200000478;813 116;A01;0.75;0.08;0.6111111111111112;0.1;0.2;0.07407407407407407;0.2857142857142857;
202200000479;813 113;A01;0.5;0.08;0.8888888888888888;0.30000000000000004;0.2;0.6666666666666665;0.2857142857142857;
202200000479;813 115;B01;0.5;0.38;0.05555555555555555;0.30000000000000004;0.4;0.07407407407407407;0.2857142857142857;1.0
202200000479;813 118;C01;0.5;0.08;0.05555555555555555;0.30000000000000004;0.5;0.07407407407407407;0.2857142857142857;
202200000480;813 111;A01;1.0;0.08;0.05555555555555555;1.0;0.30000000000000004;0.07407407407407407;0.2857142857142857;
202200000480;813 114;B01;0.25;0.02;0.05555555555555555;0.30000000000000004;0.9;0.5185185185185185;0.857142857142857;
202200000481;813 110;A01;0.75;0.31;0.05555555555555555;0.30000000000000004;0.2;0.2222222222222222;0.2857142857142857;
202200000481;813 112;B01;0.5;0.39;0.05555555555555555;0.30000000000000004;0.2;0.07407407407407407;0.2857142857142857;1.0
202200000482;813 108;A01;0.5;0.08;0.05555555555555555;0.2;0.30000000000000004;0.6296296296296295;0.2857142857142857;
202200000483;813 107;A01;0.5;0.08;0.05555555555555555;0.1;0.2;0.037037037037037035;0.2857142857142857;
202200000484;813 109;A01;1.0;0.08;0.05555555555555555;0.2;0.2;0.07407407407407407;0.14285714285714285;
202200000485;813 105;A01;0.75;0.11;0.05555555555555555;0.1;0.1;0.07407407407407407;0.2857142857142857;
202200000486;813 106;A01;0.5;0.08;0.5;0.1;0.2;0.07407407407407407;0.2857142857142857;
202200000487;813 103;A01;0.5;0.08;0.05555555555555555;0.30000000000000004;0.30000000000000004;0.07407407407407407;0.42857142857142855;
202200000487;813 104;B01;0.5;0.02;0.05555555555555555;0.30000000000000004;0.4;0.7407407407407407;0.857142857142857;
202200000488;813 100;A01;1.0;0.11;0.05555555555555555;0.30000000000000004;0.30000000000000004;0.7407407407407407;0.2857142857142857;
202200000488;813 102;B01;0.5;0.34;0.05555555555555555;0.30000000000000004;0.2;0.07407407407407407;0.2857142857142857;
202200000489;813 098;A01;0.75;0.08;0.05555555555555555;0.30000000000000004;0.30000000000000004;0.6296296296296295;0.2857142857142857;
202200000489;813 099;B01;0.75;0.51;0.05555555555555555;0.1;0.4;0.6296296296296295;0.5714285714285714;
202200000490;813 096;A01;0.75;0.34;0.05555555555555555;0.30000000000000004;0.2;0.5185185185185185;0.2857142857142857;
202200000490;813 097;B01;0.5;0.08;0.05555555555555555;0.30000000000000004;0.2;0.07407407407407407;0.2857142857142857;
202200000491;813 095;A01;0.5;0.11;0.05555555555555555;0.2;0.1;0.07407407407407407;0.2857142857142857;
202200000492;813 094;A01;0.75;0.08;0.05555555555555555;0.2;0.2;0.07407407407407407;0.2857142857142857;
202200000493;813 092;B01;0.25;0.31;0.05555555555555555;0.30000000000000004;0.2;0.07407407407407407;0.2857142857142857;
202200000493;813 093;A01;1.0;0.34;0.05555555555555555;0.30000000000000004;0.2;0.07407407407407407;0.2857142857142857;
202200000494;813 091;A01;0.75;0.08;0.05555555555555555;0.2;0.8;0.1111111111111111;0.42857142857142855;
202200000495;813 090;A01;0.75;0.08;0.05555555555555555;0.2;0.5;0.18518518518518517;0.2857142857142857;
202200000496;813 086;A01;0.5;0.08;0.05555555555555555;0.30000000000000004;0.5;0.1111111111111111;0.2857142857142857;
202200000496;813 088;B01;0.5;0.02;0.05555555555555555;0.30000000000000004;0.2;0.1111111111111111;0.857142857142857;
202200000497;813 087;A01;0.5;0.02;0.05555555555555555;0.30000000000000004;0.6;0.07407407407407407;0.857142857142857;
202200000497;813 089;B01;0.5;0.08;0.05555555555555555;0.30000000000000004;0.4;0.37037037037037035;0.2857142857142857;
202200000498;813 084;A01;0.75;0.03;0.05555555555555555;0.1;0.1;0.07407407407407407;0.2857142857142857;
202200000499;813 085;A01;0.25;0.08;0.7777777777777778;0.1;0.4;0.037037037037037035;0.2857142857142857;
202200000500;813 083;A01;0.75;0.08;0.05555555555555555;0.2;0.2;0.07407407407407407;0.2857142857142857;
202200000501;813 082;A01;0.5;0.08;0.8888888888888888;0.1;0.4;0.07407407407407407;0.2857142857142857;
202200000502;813 080;A01;1.0;0.08;0.7777777777777778;0.1;0.2;1.0;0.2857142857142857;
202200000503;813 079;B01;0.5;0.08;0.05555555555555555;0.1;0.5;0.7407407407407407;0.2857142857142857;
202200000503;813 081;A01;0.5;0.34;0.05555555555555555;0.30000000000000004;0.8;0.8148148148148147;0.2857142857142857;
202200000504;813 077;A01;0.25;0.51;0.05555555555555555;0.30000000000000004;0.2;0.37037037037037035;0.5714285714285714;
202200000504;813 078;B01;0.75;0.08;0.05555555555555555;0.30000000000000004;0.30000000000000004;0.07407407407407407;0.2857142857142857;
202200000505;813 076;A01;1.0;0.08;0.05555555555555555;0.2;0.2;0.07407407407407407;0.2857142857142857;
202200000506;813 075;A01;0.75;0.08;0.16666666666666666;0.1;0.4;0.5185185185185185;0.2857142857142857;
202200000507;813 072;A01;1.0;0.02;0.05555555555555555;0.1;0.9;0.7407407407407407;0.857142857142857;