Num_Acc;id_vehicule;num_veh;senc;catv;obs;obsm;choc;manv;motor;occutc
202200000507;813 073;B01;1.0;0.08;0.05555555555555555;1.0;0.30000000000000004;0.07407407407407407;0.2857142857142857;
202200000508;813 071;B01;0.25;0.11;0.05555555555555555;0.1;0.5;0.1111111111111111;0.2857142857142857;
202200000508;813 074;A01;0.25;0.08;0.05555555555555555;0.30000000000000004;0.5;0.1111111111111111;0.2857142857142857;
202200000509;813 068;A01;0.5;0.08;0.05555555555555555;0.30000000000000004;0.2;0.07407407407407407;0.2857142857142857;
202200000509;813 070;B01;0.5;0.16;0.05555555555555555;0.30000000000000004;0.7000000000000001;0.07407407407407407;0.2857142857142857;
202200000510;813 067;A01;0.5;0.03;0.05555555555555555;0.30000000000000004;0.2;0.2222222222222222;0.2857142857142857;
202200000510;813 069;B01;0.75;0.08;0.05555555555555555;0.30000000000000004;0.4;0.037037037037037035;0.2857142857142857;
202200000511;813 063;A01;0.75;0.08;0.05555555555555555;0.30000000000000004;0.30000000000000004;0.2962962962962963;0.42857142857142855;
202200000511;813 066;B01;0.25;0.08;0.05555555555555555;0.30000000000000004;0.4;0.37037037037037035;0.2857142857142857;
202200000512;813 064;A01;0.75;0.0;0.05555555555555555;0.2;0.1;0.037037037037037035;0.14285714285714285;
202200000513;813 062;B01;0.5;0.16;0.05555555555555555;0.30000000000000004;0.5;0.1111111111111111;0.2857142857142857;
202200000513;813 065;A01;0.5;0.11;0.05555555555555555;0.30000000000000004;0.2;0.1111111111111111;0.2857142857142857;
202200000514;813 061;A01;1.0;0.37;0.7222222222222222;0.1;0.4;0.07407407407407407;0.2857142857142857;
202200000515;813 060;A01;1.0;0.08;0.05555555555555555;0.2;0.30000000000000004;0.5925925925925926;0.2857142857142857;
202200000516;813 058;A01;0.25;0.08;0.9444444444444444;0.1;0.1;0.5555555555555556;0.2857142857142857;
202200000517;813 057;A01;0.75;0.08;0.05555555555555555;0.2;0.30000000000000004;0.07407407407407407;0.2857142857142857;
202200000518;813 055;B01;0.5;0.81;0.05555555555555555;0.30000000000000004;0.2;0.07407407407407407;0.5714285714285714;
202200000518;813 059;A01;0.5;0.08;0.05555555555555555;0.30000000000000004;0.4;0.6296296296296295;0.2857142857142857;
202200000519;813 054;B01;0.75;0.08;0.05555555555555555;0.30000000000000004;0.2;0.1111111111111111;0.2857142857142857;
202200000519;813 056;A01;0.75;0.03;0.05555555555555555;0.1;0.5;0.1111111111111111;0.14285714285714285;
202200000520;813 051;A01;0.75;0.08;0.05555555555555555;0.30000000000000004;0.30000000000000004;0.07407407407407407;0.2857142857142857;
202200000520;813 053;B01;0.5;0.08;0.05555555555555555;0.30000000000000004;0.30000000000000004;0.07407407407407407;0.2857142857142857;
202200000521;813 050;A01;0.75;0.33;0.1111111111111111;0.1;0.30000000000000004;0.07407407407407407;0.2857142857142857;
202200000522;813 049;A01;0.75;0.03;0.05555555555555555;0.30000000000000004;0.2;0.07407407407407407;0.2857142857142857;
202200000522;813 052;B01;0.5;0.11;0.05555555555555555;0.1;0.7000000000000001;0.5925925925925926;0.2857142857142857;
202200000523;813 048;A01;0.5;0.08;0.05555555555555555;0.1;0.2;0.07407407407407407;0.2857142857142857;
202200000524;813 045;B01;0.75;0.08;0.05555555555555555;0.30000000000000004;0.5;0.8888888888888888;0.2857142857142857;
202200000524;813 046;A01;0.75;0.11;0.05555555555555555;0.30000000000000004;0.2;0.07407407407407407;0.2857142857142857;
202200000525;813 041;A01;0.75;0.11;0.05555555555555555;0.30000000000000004;0.7000000000000001;0.037037037037037035;0.2857142857142857;
202200000525;813 044;B01;0.75;0.34;0.05555555555555555;0.30000000000000004;0.2;0.037037037037037035;0.2857142857142857;
202200000526;813 042;A01;0.75;0.08;0.2777777777777778;0.1;0.4;0.8148148148148147;0.2857142857142857;
202200000527;813 039;A01;0.25;0.08;0.05555555555555555;0.30000000000000004;0.2;0.07407407407407407;0.2857142857142857;
202200000527;813 040;B01;0.25;1.0;0.05555555555555555;0.30000000000000004;0.2;0.7407407407407407;0.857142857142857;
202200000528;813 038;A01;0.5;0.08;0.05555555555555555;0.1;1.0;0.07407407407407407;0.2857142857142857;
202200000529;813 036;A01;0.5;0.08;0.05555555555555555;0.2;0.8;0.07407407407407407;0.2857142857142857;
202200000530;813 033;B01;0.0;0.03;0.0;0.30000000000000004;0.5;0.1111111111111111;0.2857142857142857;
202200000530;813 034;A01;1.0;0.08;0.05555555555555555;0.30000000000000004;0.2;0.07407407407407407;0.2857142857142857;
202200000531;813 031;A01;0.5;0.08;0.05555555555555555;0.30000000000000004;0.9;0.5925925925925926;0.2857142857142857;
202200000531;813 035;B01;0.75;0.15000000000000002;0.05555555555555555;0.30000000000000004;0.2;0.07407407407407407;0.2857142857142857;
202200000532;813 030;B01;0.75;0.08;0.05555555555555555;0.30000000000000004;0.2;0.07407407407407407;0.2857142857142857;
202200000532;813 043;A01;0.5;0.08;0.05555555555555555;0.30000000000000004;0.2;0.2222222222222222;0.2857142857142857;
202200000533;813 032;A01;1.0;0.08;0.05555555555555555;0.30000000000000004;0.4;0.5925925925925926;0.2857142857142857;
202200000533;813 037;B01;1.0;0.08;0.05555555555555555;0.30000000000000004;0.2;0.07407407407407407;0.2857142857142857;
202200000534;813 027;A01;0.5;0.34;0.05555555555555555;0.1;0.2;0.8148148148148147;0.2857142857142857;
202200000535;813 024;A01;0.5;0.08;0.05555555555555555;0.30000000000000004;0.5;0.1111111111111111;0.2857142857142857;
202200000535;813 026;B01;0.5;0.08;0.05555555555555555;0.30000000000000004;0.5;0.1111111111111111;0.2857142857142857;
202200000535;813 028;C01;0.5;0.08;0.05555555555555555;0.30000000000000004;0.5;0.1111111111111111;0.2857142857142857;
202200000535;813 029;D01;0.5;0.08;0.05555555555555555;0.30000000000000004;0.2;0.1111111111111111;0.2857142857142857;
202200000536;813 022;A01;0.75;0.08;0.05555555555555555;0.30000000000000004;0.30000000000000004;0.5925925925925926;0.2857142857142857;
202200000536;813 025;B01;0.5;0.34;0.05555555555555555;0.30000000000000004;0.2;0.07407407407407407;0.2857142857142857;
202200000537;813 020;A01;1.0;0.08;0.05555555555555555;0.30000000000000004;0.2;0.2222222222222222;0.2857142857142857;
202200000537;813 023;B01;1.0;0.08;0.05555555555555555;0.30000000000000004;0.2;0.037037037037037035;0.2857142857142857;
202200000538;813 019;B01;0.5;0.08;0.05555555555555555;0.30000000000000004;0.2;0.07407407407407407;0.2857142857142857;
202200000538;813 021;A01;0.75;0.08;0.05555555555555555;0.30000000000000004;0.2;0.07407407407407407;0.2857142857142857;
202200000539;813 018;A01;0.5;0.08;0.2222222222222222;0.1;0.4;0.037037037037037035;0.2857142857142857;
202200000540;813 014;A01;1.0;0.08;0.05555555555555555;0.30000000000000004;0.4;0.5925925925925926;0.2857142857142857;
202200000540;813 016;B01;1.0;0.35000000000000003;0.05555555555555555;0.30000000000000004;0.9;0.037037037037037035;0.2857142857142857;
202200000541;813 015;A01;0.5;0.03;0.05555555555555555;0.1;0.9;0.07407407407407407;0.2857142857142857;
202200000542;813 012;A01;0.5;0.08;0.05555555555555555;0.2;0.2;0.037037037037037035;0.2857142857142857;
202200000543;813 011;A01;0.25;0.34;0.05555555555555555;0.30000000000000004;1.0;0.6666666666666665;0.2857142857142857;
202200000543;813 013;B01;0.5;0.08;0.05555555555555555;0.30000000000000004;0.2;0.07407407407407407;0.2857142857142857;
202200000543;813 017;C01;0.75;0.08;0.05555555555555555;0.30000000000000004;0.7000000000000001;0.07407407407407407;0.2857142857142857;
202200000544;813 006;A01;0.5;0.34;0.6111111111111112;0.1;0.9;0.07407407407407407;0.2857142857142857;
202200000545;813 007;B01;0.5;0.08;0.1111111111111111;0.30000000000000004;0.2;0.1111111111111111;0.2857142857142857;
202200000545;813 010;A01;0.5;0.08;0.05555555555555555;0.1;0.5;0.8888888888888888;0.2857142857142857;
202200000546;813 005;A01;0.25;0.08;0.05555555555555555;0.1;0.5;0.0;0.0;
202200000546;813 009;B01;0.25;0.44;0.0;0.30000000000000004;0.2;0.6666666666666665;0.0;
202200000547;813 004;B01;0.75;0.08;0.05555555555555555;0.30000000000000004;0.9;0.5185185185185185;0.2857142857142857;
202200000547;813 008;A01;0.5;0.08;0.05555555555555555;0.30000000000000004;0.9;0.07407407407407407;0.2857142857142857;
202200000548;813 002;A01;0.5;0.08;0.9444444444444444;0.1;0.1;0.5185185185185185;0.2857142857142857;
202200000549;813 000;A01;1.0;0.08;0.8333333333333333;0.30000000000000004;0.2;0.07407407407407407;0.2857142857142857;
202200000549;813 001;B01;1.0;0.08;0.1111111111111111;0.30000000000000004;0.5;0.8888888888888888;0.2857142857142857;
202200000550;812 999;B01;0.5;0.11;0.05555555555555555;0.1;0.4;0.07407407407407407;0.2857142857142857;
202200000550;813 003;A01;0.5;0.34;0.16666666666666666;0.30000000000000004;0.4;0.6666666666666665;0.2857142857142857;
202200000551;812 994;A01;0.75;0.08;0.7777777777777778;0.1;0.2;0.07407407407407407;0.2857142857142857;
202200000552;812 993;A01;0.5;0.08;0.05555555555555555;0.30000000000000004;0.4;0.5925925925925926;0.2857142857142857;
202200000552;812 997;B01;0.5;0.33;0.05555555555555555;0.30000000000000004;0.30000000000000004;0.6666666666666665;0.2857142857142857;
202200000553;812 995;B01;0.5;0.08;0.05555555555555555;0.30000000000000004;0.7000000000000001;0.1111111111111111;0.2857142857142857;
202200000553;812 998;A01;0.5;0.08;0.05555555555555555;0.30000000000000004;0.2;0.1111111111111111;0.2857142857142857;
202200000554;812 992;B01;0.5;0.15000000000000002;0.05555555555555555;0.30000000000000004;0.30000000000000004;0.07407407407407407;0.2857142857142857;
202200000554;812 996;A01;0.75;0.34;0.2777777777777778;0.30000000000000004;0.2;0.2222222222222222;0.2857142857142857;
202200000555;812 991;A01;1.0;0.08;0.05555555555555555;0.2;0.5;0.18518518518518517;0.2857142857142857;
202200000556;812 990;A01;0.5;0.08;0.4444444444444444;0.2;0.2;0.07407407407407407;0.2857142857142857;
202200000557;812 987;B01;0.75;0.08;0.05555555555555555;0.30000000000000004;0.2;0.5185185185185185;0.2857142857142857;
202200000557;812 989;A01;0.5;0.08;0.05555555555555555;0.30000000000000004;0.2;0.07407407407407407;0.2857142857142857;
202200000558;812 988;A01;0.5;0.08;0.38888888888888884;0.1;0.30000000000000004;0.037037037037037035;0.2857142857142857;
202200000559;812 985;A01;1.0;0.37;0.7777777777777778;0.1;0.4;0.07407407407407407;0.2857142857142857;
202200000560;812 982;A01;0.75;0.08;0.05555555555555555;0.30000000000000004;0.2;0.5185185185185185;0.2857142857142857;
202200000560;812 986;B01;0.5;0.08;0.05555555555555555;0.1;0.2;0.07407407407407407;0.2857142857142857;
202200000561;812 984;A01;1.0;0.03;0.05555555555555555;0.1;0.9;0.07407407407407407;0.2857142857142857;
202200000562;812 981;A01;0.75;0.44;0.05555555555555555;0.30000000000000004;0.2;0.07407407407407407;0.2857142857142857;
202200000562;812 983;B01;0.5;0.08;0.05555555555555555;0.30000000000000004;0.9;0.5925925925925926;0.2857142857142857;
202200000563;812 980;A01;0.75;0.11;0.05555555555555555;0.2;0.30000000000000004;0.1111111111111111;0.2857142857142857;
202200000564;812 977;B01;0.5;0.08;0.05555555555555555;0.30000000000000004;0.4;0.4074074074074074;0.2857142857142857;
202200000564;812 979;A01;0.5;0.33;0.05555555555555555;0.30000000000000004;0.4;0.8148148148148147;0.2857142857142857;
202200000565;812 975;B01;0.5;0.34;0.05555555555555555;0.30000000000000004;0.4;0.07407407407407407;0.2857142857142857;
202200000565;812 978;A01;0.75;0.11;0.05555555555555555;0.30000000000000004;0.9;0.6666666666666665;0.2857142857142857;
202200000566;812 973;A01;1.0;0.08;0.05555555555555555;0.30000000000000004;0.2;0.07407407407407407;0.2857142857142857;
202200000566;812 976;B01;1.0;0.08;0.05555555555555555;0.30000000000000004;0.4;0.37037037037037035;0.2857142857142857;
202200000567;812 972;A01;0.75;0.11;0.05555555555555555;0.1;0.2;0.5555555555555556;0.2857142857142857;
202200000568;812 971;A01;0.75;0.08;0.05555555555555555;0.30000000000000004;0.4;0.5925925925925926;0.2857142857142857;
202200000568;812 974;B01;0.75;0.34;0.05555555555555555;0.30000000000000004;0.2;0.6666666666666665;0.2857142857142857;
202200000569;812 968;A01;1.0;0.51;0.05555555555555555;0.1;0.1;0.037037037037037035;0.5714285714285714;
202200000570;812 967;B01;1.0;0.11;0.05555555555555555;0.30000000000000004;0.2;0.07407407407407407;0.2857142857142857;
202200000570;812 970;A01;1.0;0.08;0.05555555555555555;0.30000000000000004;0.2;0.07407407407407407;0.2857142857142857;
202200000571;812 966;A01;0.25;0.08;0.05555555555555555;0.2;0.30000000000000004;0.7407407407407407;0.2857142857142857;
202200000572;812 965;A01;1.0;0.08;0.7777777777777778;0.1;0.30000000000000004;0.07407407407407407;0.2857142857142857;
202200000572;812 969;B01;1.0;0.08;0.05555555555555555;0.1;0.1;0.6666666666666665;0.14285714285714285;
202200000573;812 964;Z01;0.75;0.11;0.05555555555555555;0.2;0.2;0.07407407407407407;0.5714285714285714;
202200000574;812 963;A01;0.75;0.03;0.8888888888888888;0.1;0.8;0.037037037037037035;0.2857142857142857;
202200000575;812 960;B01;0.75;0.03;0.05555555555555555;0.30000000000000004;0.1;0.2222222222222222;0.2857142857142857;
202200000575;812 962;A01;0.5;0.08;0.05555555555555555;0.30000000000000004;0.1;0.6666666666666665;0.14285714285714285;
202200000576;812 961;A01;0.75;0.08;0.16666666666666666;0.1;0.2;0.07407407407407407;0.2857142857142857;
202200000577;812 957;B01;0.5;0.08;0.05555555555555555;0.30000000000000004;0.30000000000000004;0.07407407407407407;0.2857142857142857;
202200000577;812 959;A01;0.5;0.34;0.05555555555555555;0.30000000000000004;0.2;0.07407407407407407;0.2857142857142857;
202200000578;812 954;A01;0.5;0.11;0.05555555555555555;0.30000000000000004;0.30000000000000004;0.1111111111111111;0.2857142857142857;
202200000578;812 956;B01;0.5;0.02;0.05555555555555555;0.30000000000000004;0.7000000000000001;0.07407407407407407;0.857142857142857;
202200000579;812 953;A01;1.0;0.51;0.05555555555555555;0.1;0.2;0.07407407407407407;0.5714285714285714;
202200000580;812 949;A01;1.0;0.08;0.9444444444444444;0.1;0.30000000000000004;0.5555555555555556;0.2857142857142857;
202200000581;812 948;A01;0.25;0.08;0.05555555555555555;0.30000000000000004;0.2;0.2222222222222222;0.2857142857142857;
202200000581;812 951;B01;0.25;0.08;0.05555555555555555;0.30000000000000004;0.2;0.1111111111111111;0.2857142857142857;
202200000581;812 952;C01;0.25;0.08;0.05555555555555555;0.30000000000000004;0.2;0.1111111111111111;0.2857142857142857;
202200000582;812 944;B01;0.5;0.03;0.05555555555555555;0.30000000000000004;0.2;0.1111111111111111;0.2857142857142857;
202200000582;812 947;A01;0.5;0.08;0.05555555555555555;0.30000000000000004;0.9;0.5925925925925926;0.2857142857142857;
202200000583;812 941;A01;0.75;0.08;0.05555555555555555;0.30000000000000004;0.5;0.8888888888888888;0.2857142857142857;
202200000583;812 942;B01;0.75;0.08;0.05555555555555555;0.30000000000000004;0.5;0.1111111111111111;0.2857142857142857;
202200000583;812 945;C01;0.75;0.08;0.05555555555555555;0.30000000000000004;0.2;0.1111111111111111;0.2857142857142857;
202200000584;812 940;A01;0.5;0.08;0.2222222222222222;0.1;0.30000000000000004;0.5555555555555556;0.2857142857142857;
202200000585;812 939;D01;1.0;0.08;0.05555555555555555;0.1;0.5;0.1111111111111111;0.2857142857142857;
202200000585;812 943;C01;1.0;0.08;0.05555555555555555;0.30000000000000004;0.5;0.1111111111111111;0.2857142857142857;
202200000585;812 946;B01;1.0;0.08;0.7777777777777778;0.30000000000000004;0.6;0.1111111111111111;0.2857142857142857;
202200000585;812 950;A01;1.0;0.11;0.05555555555555555;0.30000000000000004;0.2;0.1111111111111111;0.2857142857142857;
202200000586;812 937;A01;0.75;0.35000000000000003;0.05555555555555555;0.1;0.1;0.07407407407407407;0.2857142857142857;
202200000587;812 936;A01;0.5;0.11;0.05555555555555555;0.30000000000000004;0.4;0.5185185185185185;0.2857142857142857;
202200000587;812 938;B01;0.5;0.11;0.05555555555555555;0.30000000000000004;0.8;0.07407407407407407;0.2857142857142857;
202200000588;812 933;B01;0.75;0.08;0.05555555555555555;0.30000000000000004;0.9;0.07407407407407407;0.2857142857142857;
202200000588;812 934;A01;0.75;0.33;0.05555555555555555;0.30000000000000004;0.8;0.5185185185185185;0.2857142857142857;
202200000589;812 930;A01;0.5;0.01;0.05555555555555555;0.30000000000000004;0.2;0.037037037037037035;0.14285714285714285;
202200000589;812 931;B01;0.5;0.11;0.05555555555555555;0.30000000000000004;0.5;0.07407407407407407;0.2857142857142857;
202200000590;812 932;B01;0.75;0.81;0.05555555555555555;0.1;0.9;0.1111111111111111;0.5714285714285714;
202200000590;812 935;A01;0.75;0.08;0.05555555555555555;0.30000000000000004;0.8;0.6666666666666665;0.2857142857142857;
202200000591;812 927;B01;0.75;0.08;0.05555555555555555;0.30000000000000004;0.2;0.1111111111111111;0.2857142857142857;
202200000591;812 929;A01;0.75;0.08;0.05555555555555555;0.30000000000000004;0.5;0.1111111111111111;0.2857142857142857;
202200000592;812 926;A01;1.0;0.08;0.05555555555555555;0.1;0.5;0.8888888888888888;0.2857142857142857;
202200000592;812 928;B01;1.0;0.02;0.05555555555555555;0.30000000000000004;0.2;0.07407407407407407;0.857142857142857;
202200000593;812 921;A01;0.75;0.21000000000000002;0.05555555555555555;0.2;0.30000000000000004;0.07407407407407407;0.2857142857142857;
202200000594;812 920;A01;0.75;0.08;0.05555555555555555;0.30000000000000004;0.6;0.1111111111111111;0.2857142857142857;
202200000594;812 922;B01;0.75;0.11;0.05555555555555555;0.30000000000000004;0.2;0.1111111111111111;0.2857142857142857;
202200000594;812 924;C01;0.75;0.08;0.05555555555555555;0.30000000000000004;0.2;0.1111111111111111;0.2857142857142857;
202200000595;812 923;B01;0.75;0.08;0.05555555555555555;0.30000000000000004;0.4;0.4444444444444444;0.2857142857142857;
202200000595;812 925;A01;0.75;0.34;0.05555555555555555;0.30000000000000004;0.30000000000000004;0.14814814814814814;0.2857142857142857;
202200000596;812 915;B01;1.0;0.08;0.05555555555555555;0.1;0.2;0.07407407407407407;0.2857142857142857;
202200000596;812 918;A01;0.25;0.34;0.05555555555555555;0.30000000000000004;0.2;0.07407407407407407;0.2857142857142857;
202200000597;812 917;A01;0.75;0.34;0.05555555555555555;0.30000000000000004;0.8;0.6666666666666665;0.2857142857142857;
202200000597;812 919;B01;0.75;0.08;0.05555555555555555;0.30000000000000004;0.9;0.14814814814814814;0.42857142857142855;
202200000598;812 914;B01;0.5;0.08;0.05555555555555555;0.30000000000000004;0.2;0.07407407407407407;0.2857142857142857;
202200000598;812 916;A01;0.5;0.14;0.05555555555555555;0.30000000000000004;0.5;0.07407407407407407;0.2857142857142857;
202200000599;812 911;B01;0.5;0.08;0.05555555555555555;0.30000000000000004;0.9;0.07407407407407407;0.2857142857142857;
202200000599;812 913;A01;0.5;0.16;0.05555555555555555;0.30000000000000004;0.8;0.48148148148148145;0.2857142857142857;
202200000600;812 906;B01;0.5;0.08;0.05555555555555555;0.30000000000000004;0.4;0.07407407407407407;0.2857142857142857;
202200000600;812 910;A01;0.75;0.08;0.05555555555555555;0.30000000000000004;0.4;0.07407407407407407;0.2857142857142857;
202200000601;812 905;A01;0.75;0.08;0.8333333333333333;0.30000000000000004;0.2;0.07407407407407407;0.2857142857142857;
202200000601;812 907;B01;0.75;0.08;0.05555555555555555;0.30000000000000004;0.5;0.4444444444444444;0.2857142857142857;
202200000602;812 904;A01;0.75;0.34;0.05555555555555555;0.1;0.8;0.5185185185185185;0.2857142857142857;
202200000603;812 903;A01;0.25;0.08;0.5555555555555556;0.2;0.8;0.07407407407407407;0.2857142857142857;
202200000604;812 902;A01;0.5;0.34;0.05555555555555555;0.1;0.8;0.1111111111111111;0.2857142857142857;
202200000605;812 896;A01;0.5;0.08;0.0;0.30000000000000004;0.2;0.5185185185185185;0.2857142857142857;
202200000605;812 898;B01;0.75;0.08;0.0;0.30000000000000004;0.2;0.07407407407407407;0.42857142857142855;
202200000605;812 900;C01;0.75;0.08;0.0;0.30000000000000004;0.30000000000000004;0.8148148148148147;0.2857142857142857;
202200000606;812 895;B01;0.75;0.08;0.05555555555555555;0.30000000000000004;0.9;0.07407407407407407;0.2857142857142857;
202200000606;812 897;A01;0.75;0.16;0.05555555555555555;0.30000000000000004;0.30000000000000004;0.5555555555555556;0.2857142857142857;
202200000607;812 899;A01;1.0;0.11;0.05555555555555555;0.1;0.7000000000000001;0.07407407407407407;0.2857142857142857;
202200000607;812 901;B01;1.0;0.33;0.05555555555555555;0.30000000000000004;0.2;0.07407407407407407;0.2857142857142857;
202200000608;812 891;A01;0.75;0.34;0.8333333333333333;0.1;0.2;0.1111111111111111;0.2857142857142857;
202200000609;812 889;A01;0.5;0.08;0.05555555555555555;0.30000000000000004;0.2;0.1111111111111111;0.2857142857142857;
202200000609;812 890;B01;0.5;0.08;0.05555555555555555;0.30000000000000004;0.5;0.1111111111111111;0.2857142857142857;
202200000610;812 888;A01;0.5;0.08;0.2777777777777778;0.1;0.9;0.07407407407407407;0.2857142857142857;
202200000611;812 884;A01;0.5;0.08;0.05555555555555555;0.30000000000000004;0.2;0.48148148148148145;0.2857142857142857;
202200000611;812 885;B01;0.5;0.08;0.05555555555555555;0.30000000000000004;0.5;0.037037037037037035;0.2857142857142857;
202200000612;812 883;A01;0.5;0.08;0.2777777777777778;0.30000000000000004;0.6;0.07407407407407407;0.2857142857142857;
202200000612;812 886;B01;0.5;0.08;0.05555555555555555;0.30000000000000004;0.4;0.37037037037037035;0.2857142857142857;
202200000613;812 882;A01;1.0;0.08;0.05555555555555555;0.2;0.5;0.8888888888888888;0.2857142857142857;
202200000614;812 881;A01;0.5;0.08;0.2777777777777778;0.1;0.4;0.07407407407407407;0.2857142857142857;
202200000615;812 877;A01;0.75;0.08;0.05555555555555555;0.30000000000000004;0.1;1.0;0.2857142857142857;
202200000615;812 880;B01;0.5;0.02;0.05555555555555555;0.30000000000000004;0.2;0.037037037037037035;0.857142857142857;
202200000616;812 879;A01;0.25;0.11;0.05555555555555555;0.2;0.5;0.18518518518518517;0.2857142857142857;
202200000617;812 875;C01;0.75;0.08;0.05555555555555555;0.30000000000000004;0.4;0.07407407407407407;0.2857142857142857;
202200000617;812 876;B01;0.75;0.08;0.05555555555555555;0.30000000000000004;0.6;0.07407407407407407;0.42857142857142855;
202200000617;812 878;A01;0.75;0.08;0.05555555555555555;0.30000000000000004;0.4;0.037037037037037035;0.2857142857142857;
202200000618;812 872;A01;0.5;0.08;0.05555555555555555;0.30000000000000004;0.2;0.5185185185185185;0.2857142857142857;
202200000618;812 874;B01;0.75;0.08;0.05555555555555555;0.30000000000000004;0.2;0.5185185185185185;0.2857142857142857;
202200000619;812 870;A01;0.5;0.08;0.05555555555555555;0.30000000000000004;0.2;0.48148148148148145;0.2857142857142857;
202200000619;812 871;B01;0.5;0.08;0.05555555555555555;0.30000000000000004;0.6;0.07407407407407407;0.2857142857142857;
202200000620;812 869;B01;0.5;0.18000000000000002;0.05555555555555555;0.1;0.5;0.07407407407407407;0.2857142857142857;
202200000620;812 873;A01;0.5;0.08;0.2222222222222222;0.30000000000000004;0.2;0.5555555555555556;0.2857142857142857;
202200000621;812 868;A01;0.5;0.15000000000000002;0.38888888888888884;0.1;0.2;0.5185185185185185;0.2857142857142857;
202200000622;812 864;A01;1.0;0.31;0.05555555555555555;0.30000000000000004;0.2;0.6666666666666665;0.2857142857142857;
202200000622;812 866;B01;1.0;0.08;0.05555555555555555;0.30000000000000004;0.7000000000000001;0.5925925925925926;0.2857142857142857;
202200000623;812 865;A01;0.5;0.08;0.05555555555555555;0.30000000000000004;0.2;0.1111111111111111;0.2857142857142857;
202200000623;812 867;B01;0.5;0.08;0.05555555555555555;0.30000000000000004;0.5;0.1111111111111111;0.2857142857142857;
202200000624;812 863;A01;0.5;0.08;0.05555555555555555;0.2;0.30000000000000004;0.037037037037037035;0.2857142857142857;
202200000625;812 858;C01;0.75;0.08;0.05555555555555555;0.30000000000000004;0.7000000000000001;0.07407407407407407;0.2857142857142857;
202200000625;812 860;B01;0.75;0.11;0.05555555555555555;0.30000000000000004;0.2;0.07407407407407407;0.2857142857142857;
202200000625;812 862;A01;0.5;0.08;0.05555555555555555;0.30000000000000004;0.2;0.37037037037037035;0.2857142857142857;
202200000626;812 859;B01;0.5;0.08;0.2777777777777778;0.30000000000000004;0.30000000000000004;0.48148148148148145;0.2857142857142857;
202200000626;812 861;A01;0.5;0.34;0.2777777777777778;0.30000000000000004;0.2;0.14814814814814814;0.2857142857142857;
202200000627;812 857;A01;0.5;0.08;0.16666666666666666;0.1;0.2;0.07407407407407407;0.2857142857142857;
202200000628;812 854;B01;0.5;0.34;0.05555555555555555;0.30000000000000004;0.2;0.07407407407407407;0.2857142857142857;
202200000628;812 855;A01;0.5;0.08;0.05555555555555555;0.30000000000000004;0.7000000000000001;0.4444444444444444;0.2857142857142857;
202200000629;812 852;A01;0.5;0.08;0.05555555555555555;0.30000000000000004;0.4;0.07407407407407407;0.2857142857142857;
202200000629;812 853;B01;0.75;0.08;0.05555555555555555;0.30000000000000004;0.4;0.8888888888888888;0.2857142857142857;
202200000630;812 848;A01;0.5;0.08;0.05555555555555555;0.30000000000000004;0.5;0.1111111111111111;0.14285714285714285;
202200000630;812 849;B01;0.5;0.08;0.05555555555555555;0.30000000000000004;0.5;0.1111111111111111;0.14285714285714285;
202200000630;812 850;C01;0.5;0.08;0.05555555555555555;0.30000000000000004;0.2;0.1111111111111111;0.14285714285714285;