Num_Acc;id_vehicule;num_veh;senc;catv;obs;obsm;choc;manv;motor;occutc
202200000631;812 847;A01;0.75;0.34;0.7777777777777778;0.1;0.30000000000000004;0.07407407407407407;0.2857142857142857;
202200000632;812 846;A01;0.5;0.35000000000000003;0.05555555555555555;0.1;0.9;0.07407407407407407;0.2857142857142857;
202200000633;812 851;A01;0.75;0.08;0.05555555555555555;0.30000000000000004;0.2;0.07407407407407407;0.42857142857142855;
202200000633;812 856;B01;0.75;0.34;0.05555555555555555;0.30000000000000004;0.2;0.1111111111111111;0.2857142857142857;
202200000634;812 844;A01;1.0;0.08;0.05555555555555555;0.30000000000000004;0.5;0.8888888888888888;0.2857142857142857;
202200000634;812 845;B01;1.0;0.02;0.05555555555555555;0.30000000000000004;0.2;0.07407407407407407;0.857142857142857;
202200000635;812 843;A01;0.5;0.34;0.05555555555555555;0.30000000000000004;0.8;0.07407407407407407;0.2857142857142857;
202200000636;812 839;A01;0.75;0.08;0.05555555555555555;0.1;0.9;0.07407407407407407;0.2857142857142857;
202200000636;812 841;B01;0.5;0.08;0.05555555555555555;0.1;0.9;0.07407407407407407;0.2857142857142857;
202200000637;812 837;B01;0.5;0.08;0.05555555555555555;0.30000000000000004;0.2;0.1111111111111111;0.2857142857142857;
202200000637;812 840;A01;0.5;0.08;0.05555555555555555;0.30000000000000004;0.5;0.1111111111111111;0.2857142857142857;
202200000638;812 835;A01;0.5;0.08;0.05555555555555555;0.30000000000000004;0.2;0.037037037037037035;0.2857142857142857;
202200000638;812 836;B01;0.75;0.08;0.05555555555555555;0.30000000000000004;0.2;0.2222222222222222;0.2857142857142857;
202200000639;812 834;A01;0.5;0.18000000000000002;0.05555555555555555;0.2;0.5;0.07407407407407407;0.2857142857142857;
202200000640;812 838;B01;0.75;0.31;0.05555555555555555;0.30000000000000004;0.4;0.07407407407407407;0.2857142857142857;
202200000640;812 842;A01;1.0;0.08;0.05555555555555555;0.30000000000000004;0.2;0.5925925925925926;0.2857142857142857;
202200000641;812 832;A01;0.5;0.08;0.5;0.1;0.2;0.5185185185185185;0.2857142857142857;
202200000642;812 831;A01;0.5;0.08;0.05555555555555555;0.2;0.4;0.07407407407407407;0.2857142857142857;
202200000643;812 828;A01;0.75;0.35000000000000003;0.05555555555555555;0.1;0.1;0.037037037037037035;0.2857142857142857;
202200000643;812 829;B01;0.75;0.15000000000000002;0.05555555555555555;0.30000000000000004;0.9;0.1111111111111111;0.2857142857142857;
202200000644;812 827;A01;0.5;0.11;0.05555555555555555;0.2;0.4;0.07407407407407407;0.2857142857142857;
202200000645;812 826;A01;0.25;0.08;0.05555555555555555;0.2;0.30000000000000004;1.0;0.2857142857142857;
202200000646;812 825;A01;0.75;0.08;0.1111111111111111;0.1;0.4;0.5185185185185185;0.42857142857142855;
202200000647;812 824;A01;0.25;0.08;0.05555555555555555;0.2;0.30000000000000004;1.0;0.2857142857142857;
202200000648;812 821;B01;0.5;0.31;0.05555555555555555;0.30000000000000004;0.2;0.6666666666666665;0.2857142857142857;
202200000648;812 822;A01;0.5;0.33;0.05555555555555555;0.30000000000000004;0.9;0.6666666666666665;0.2857142857142857;
202200000649;812 820;A01;0.5;0.08;0.5;0.1;0.4;0.07407407407407407;0.2857142857142857;
202200000650;812 817;A01;0.75;0.08;0.05555555555555555;0.30000000000000004;0.4;0.5185185185185185;0.2857142857142857;
202200000650;812 819;B01;0.5;0.08;0.05555555555555555;0.30000000000000004;0.9;0.07407407407407407;0.2857142857142857;
202200000650;812 823;C01;0.5;0.08;0.05555555555555555;0.30000000000000004;0.7000000000000001;0.07407407407407407;0.2857142857142857;
202200000651;812 815;A01;0.75;0.01;0.05555555555555555;0.30000000000000004;0.1;0.1111111111111111;0.14285714285714285;
202200000651;812 818;B01;0.75;0.31;0.05555555555555555;0.30000000000000004;0.5;0.1111111111111111;0.2857142857142857;
202200000652;812 814;B01;0.5;0.34;0.05555555555555555;0.30000000000000004;0.9;0.07407407407407407;0.2857142857142857;
202200000652;812 816;A01;0.75;0.08;0.05555555555555555;0.30000000000000004;0.4;0.5925925925925926;0.42857142857142855;
202200000653;812 811;A01;0.25;0.08;0.9444444444444444;0.1;0.2;0.037037037037037035;0.2857142857142857;
202200000654;812 812;A01;0.5;0.34;0.05555555555555555;0.30000000000000004;0.2;0.6666666666666665;0.2857142857142857;
202200000654;812 813;B01;0.75;0.08;0.05555555555555555;0.30000000000000004;0.4;0.07407407407407407;0.2857142857142857;
202200000655;812 809;B01;0.75;0.08;0.05555555555555555;0.30000000000000004;0.2;0.1111111111111111;0.2857142857142857;
202200000655;812 810;A01;0.75;0.08;0.05555555555555555;0.30000000000000004;0.5;0.07407407407407407;0.2857142857142857;
202200000656;812 807;A01;0.75;0.08;0.2222222222222222;0.1;0.4;0.5185185185185185;0.2857142857142857;
202200000657;812 805;B01;0.5;0.02;0.05555555555555555;0.30000000000000004;0.9;0.7407407407407407;0.857142857142857;
202200000657;812 808;A01;0.5;0.08;0.05555555555555555;0.30000000000000004;0.2;0.7407407407407407;0.2857142857142857;
202200000658;812 804;B01;0.5;0.02;0.05555555555555555;0.1;0.1;0.037037037037037035;0.857142857142857;
202200000658;812 806;A01;0.5;0.08;0.05555555555555555;1.0;0.1;1.0;0.14285714285714285;
202200000659;812 803;A01;0.5;0.33;0.05555555555555555;0.1;0.1;0.8148148148148147;0.2857142857142857;
202200000660;812 799;B01;0.75;0.08;0.05555555555555555;0.30000000000000004;0.5;0.1111111111111111;0.2857142857142857;
202200000660;812 801;A01;0.75;0.11;0.05555555555555555;0.30000000000000004;0.2;0.1111111111111111;0.2857142857142857;
202200000661;812 800;B01;1.0;0.08;0.05555555555555555;0.30000000000000004;0.4;0.07407407407407407;0.2857142857142857;
202200000661;812 802;A01;1.0;0.08;0.05555555555555555;0.30000000000000004;0.4;0.07407407407407407;0.2857142857142857;
202200000662;812 797;B01;0.75;0.08;0.05555555555555555;0.1;0.7000000000000001;0.07407407407407407;0.2857142857142857;
202200000662;812 798;A01;0.75;0.32;0.05555555555555555;0.30000000000000004;0.30000000000000004;0.07407407407407407;0.2857142857142857;
202200000663;812 796;A01;0.5;0.08;0.05555555555555555;0.2;0.4;0.07407407407407407;0.2857142857142857;
202200000664;812 793;B01;0.5;0.51;0.05555555555555555;0.30000000000000004;0.5;0.037037037037037035;0.5714285714285714;
202200000664;812 795;A01;0.75;0.08;0.05555555555555555;0.30000000000000004;0.8;0.37037037037037035;0.2857142857142857;
202200000665;812 792;A01;0.75;0.08;0.16666666666666666;0.1;0.2;0.07407407407407407;0.2857142857142857;
202200000666;812 791;B01;0.75;0.08;0.05555555555555555;0.30000000000000004;0.2;0.07407407407407407;0.0;
202200000666;812 794;A01;0.5;0.08;0.05555555555555555;0.30000000000000004;0.2;0.07407407407407407;0.0;
202200000667;812 788;B01;0.75;0.08;0.05555555555555555;0.30000000000000004;0.2;0.07407407407407407;0.2857142857142857;
202200000667;812 790;A01;0.75;0.08;0.05555555555555555;0.30000000000000004;0.2;0.5185185185185185;0.2857142857142857;
202200000668;812 787;B01;0.5;0.02;0.7222222222222222;0.30000000000000004;0.9;0.7407407407407407;0.857142857142857;
202200000668;812 789;A01;0.5;0.33;0.7222222222222222;0.30000000000000004;0.2;0.07407407407407407;0.2857142857142857;
202200000669;812 786;A01;0.5;1.0;0.7777777777777778;0.1;0.2;0.07407407407407407;0.2857142857142857;
202200000670;812 783;B01;0.25;0.02;0.05555555555555555;0.30000000000000004;0.2;0.07407407407407407;0.857142857142857;
202200000670;812 785;A01;0.25;0.08;0.05555555555555555;0.30000000000000004;0.5;0.07407407407407407;0.2857142857142857;
202200000671;812 782;A01;0.5;0.03;0.05555555555555555;0.30000000000000004;0.2;0.07407407407407407;0.14285714285714285;
202200000671;812 784;B01;0.5;0.08;0.05555555555555555;0.30000000000000004;0.4;0.5185185185185185;0.2857142857142857;
202200000672;812 779;A01;1.0;0.02;0.05555555555555555;0.30000000000000004;0.2;0.3333333333333333;0.857142857142857;
202200000672;812 781;B01;0.25;0.08;0.05555555555555555;0.30000000000000004;0.30000000000000004;0.5925925925925926;0.14285714285714285;
202200000673;812 778;B01;0.5;0.08;0.05555555555555555;0.30000000000000004;0.2;0.07407407407407407;0.2857142857142857;
202200000673;812 780;A01;1.0;0.08;0.05555555555555555;0.30000000000000004;0.2;0.07407407407407407;0.2857142857142857;
202200000674;812 777;A01;1.0;0.08;0.05555555555555555;0.2;0.2;0.7407407407407407;0.2857142857142857;
202200000675;812 775;A01;1.0;0.08;0.05555555555555555;0.2;0.30000000000000004;0.5925925925925926;0.2857142857142857;
202200000676;812 773;A01;0.5;0.08;0.05555555555555555;0.30000000000000004;0.1;0.1111111111111111;0.2857142857142857;
202200000676;812 774;B01;0.5;0.08;0.05555555555555555;0.30000000000000004;0.4;0.5925925925925926;0.2857142857142857;
202200000677;812 772;A01;0.5;0.37;0.38888888888888884;0.1;0.2;0.07407407407407407;0.2857142857142857;
202200000678;812 771;A01;1.0;0.02;0.05555555555555555;0.30000000000000004;0.2;0.7407407407407407;0.857142857142857;
202200000678;812 776;B01;0.75;0.08;0.05555555555555555;0.30000000000000004;0.9;0.07407407407407407;0.2857142857142857;
202200000679;812 770;A01;0.5;0.08;0.8888888888888888;0.1;0.2;0.07407407407407407;0.2857142857142857;
202200000680;812 768;A01;0.5;0.33;0.05555555555555555;0.30000000000000004;0.8;0.6666666666666665;0.2857142857142857;
202200000680;812 769;B01;0.5;0.08;0.05555555555555555;0.30000000000000004;0.7000000000000001;0.07407407407407407;0.2857142857142857;
202200000681;812 765;A01;0.5;0.11;0.05555555555555555;0.30000000000000004;0.4;0.37037037037037035;0.2857142857142857;
202200000681;812 767;B01;0.75;0.08;0.05555555555555555;0.30000000000000004;0.2;0.07407407407407407;0.2857142857142857;
202200000682;812 764;A01;1.0;0.08;0.05555555555555555;0.30000000000000004;0.30000000000000004;0.7407407407407407;0.2857142857142857;
202200000682;812 766;B01;1.0;0.08;0.05555555555555555;0.30000000000000004;0.30000000000000004;0.8148148148148147;0.2857142857142857;
202200000683;812 763;A01;0.5;0.08;0.05555555555555555;0.2;0.9;0.07407407407407407;0.2857142857142857;
202200000684;812 761;A01;0.75;0.02;0.05555555555555555;0.1;0.2;0.07407407407407407;0.857142857142857;
202200000685;812 760;B01;1.0;0.51;0.05555555555555555;0.30000000000000004;0.30000000000000004;0.7407407407407407;0.5714285714285714;
202200000685;812 762;A01;0.5;0.08;0.05555555555555555;0.30000000000000004;0.4;0.07407407407407407;0.42857142857142855;
202200000686;812 756;A01;0.75;0.08;0.05555555555555555;0.30000000000000004;0.2;0.07407407407407407;0.2857142857142857;
202200000686;812 759;B01;0.75;0.08;0.05555555555555555;0.30000000000000004;0.2;0.07407407407407407;0.2857142857142857;
202200000687;812 755;A01;0.75;0.08;0.05555555555555555;0.30000000000000004;0.6;0.5925925925925926;0.2857142857142857;
202200000687;812 758;B01;0.5;0.38;0.05555555555555555;0.1;0.30000000000000004;0.07407407407407407;0.14285714285714285;2.0
202200000688;812 753;A01;0.75;0.08;0.05555555555555555;0.30000000000000004;0.2;0.07407407407407407;0.2857142857142857;
202200000689;812 752;A01;0.25;0.08;0.05555555555555555;0.30000000000000004;0.6;0.037037037037037035;0.2857142857142857;
202200000689;812 754;B01;0.5;0.02;0.05555555555555555;0.30000000000000004;0.2;0.07407407407407407;0.857142857142857;
202200000690;812 751;A01;0.75;0.01;0.05555555555555555;0.2;0.9;0.07407407407407407;0.14285714285714285;
202200000691;812 748;C01;1.0;0.08;0.05555555555555555;1.0;0.4;0.5925925925925926;0.2857142857142857;
202200000691;812 750;B01;0.5;0.02;0.05555555555555555;0.30000000000000004;0.2;0.037037037037037035;0.857142857142857;
202200000692;812 745;B01;1.0;0.02;0.05555555555555555;0.30000000000000004;0.2;0.07407407407407407;0.857142857142857;
202200000692;812 746;A01;1.0;0.08;0.05555555555555555;0.30000000000000004;0.30000000000000004;0.6296296296296295;0.2857142857142857;
202200000693;812 743;B01;0.5;0.02;0.7222222222222222;0.1;0.1;0.037037037037037035;0.857142857142857;
202200000693;812 744;A01;0.75;0.08;0.05555555555555555;1.0;0.2;1.0;0.2857142857142857;
202200000694;812 747;A01;0.75;0.08;0.05555555555555555;0.30000000000000004;0.5;0.37037037037037035;0.2857142857142857;
202200000694;812 749;B01;0.75;0.33;0.05555555555555555;0.30000000000000004;0.30000000000000004;0.07407407407407407;0.2857142857142857;
202200000695;812 740;B01;0.5;0.08;0.05555555555555555;0.30000000000000004;0.2;0.07407407407407407;0.2857142857142857;
202200000695;812 741;A01;1.0;0.11;0.05555555555555555;0.30000000000000004;0.2;0.37037037037037035;0.2857142857142857;
202200000696;812 737;B01;0.5;0.08;0.05555555555555555;0.30000000000000004;0.2;0.1111111111111111;0.2857142857142857;
202200000696;812 739;A01;0.5;0.08;0.05555555555555555;0.30000000000000004;0.5;0.07407407407407407;0.2857142857142857;
202200000697;812 738;A01;0.25;0.08;0.5;0.1;0.2;0.07407407407407407;0.2857142857142857;
202200000698;812 736;A01;1.0;0.08;0.05555555555555555;0.2;0.4;0.18518518518518517;0.2857142857142857;
202200000699;812 734;A01;0.75;0.08;0.05555555555555555;0.2;0.2;1.0;0.42857142857142855;
202200000700;812 730;B01;0.75;0.08;0.1111111111111111;0.30000000000000004;0.7000000000000001;0.9259259259259258;0.0;
202200000700;812 731;A01;0.75;0.11;0.1111111111111111;0.30000000000000004;0.7000000000000001;0.07407407407407407;0.0;
202200000701;812 727;A01;1.0;0.31;0.05555555555555555;0.30000000000000004;0.2;0.07407407407407407;0.2857142857142857;
202200000701;812 729;B01;1.0;0.08;0.05555555555555555;0.30000000000000004;0.5;0.07407407407407407;0.2857142857142857;
202200000702;812 724;D01;0.5;0.08;0.05555555555555555;0.30000000000000004;0.5;0.1111111111111111;0.2857142857142857;
202200000702;812 726;C01;0.5;0.08;0.05555555555555555;0.30000000000000004;0.5;0.1111111111111111;0.2857142857142857;
202200000702;812 728;B01;0.5;0.08;0.05555555555555555;0.30000000000000004;0.5;0.1111111111111111;0.2857142857142857;
202200000702;812 735;A01;0.5;0.11;0.05555555555555555;0.30000000000000004;0.2;0.07407407407407407;0.2857142857142857;
202200000703;812 722;B01;0.75;0.08;0.05555555555555555;0.30000000000000004;0.5;1.0;0.2857142857142857;
202200000703;812 725;A01;0.75;0.08;0.05555555555555555;0.30000000000000004;0.2;1.0;0.2857142857142857;
202200000704;812 721;B01;0.75;0.08;0.05555555555555555;0.30000000000000004;0.30000000000000004;0.5925925925925926;0.2857142857142857;
202200000704;812 723;A01;0.5;0.08;0.05555555555555555;0.30000000000000004;0.30000000000000004;0.07407407407407407;0.2857142857142857;
202200000705;812 720;A01;0.75;0.34;0.05555555555555555;0.1;0.2;0.5185185185185185;0.2857142857142857;
202200000706;812 715;B01;0.75;0.08;0.05555555555555555;0.30000000000000004;0.7000000000000001;0.07407407407407407;0.2857142857142857;
202200000706;812 717;A01;0.5;0.08;0.05555555555555555;0.30000000000000004;0.2;0.07407407407407407;0.2857142857142857;
202200000707;812 718;B01;0.75;0.08;0.05555555555555555;0.30000000000000004;0.7000000000000001;0.07407407407407407;0.14285714285714285;
202200000707;812 719;A01;0.75;0.14;0.05555555555555555;0.30000000000000004;0.30000000000000004;0.48148148148148145;0.14285714285714285;
202200000708;812 714;B01;1.0;0.34;0.0;0.0;0.0;0.07407407407407407;0.0;
202200000708;812 716;A01;1.0;0.14;0.0;0.0;0.0;0.07407407407407407;0.0;
202200000709;812 713;A01;0.5;0.08;0.05555555555555555;0.2;0.5;0.18518518518518517;0.2857142857142857;
202200000710;812 711;A01;0.25;0.11;0.05555555555555555;0.2;0.2;0.07407407407407407;0.14285714285714285;
202200000711;812 709;A01;0.5;0.08;0.05555555555555555;0.30000000000000004;0.6;0.48148148148148145;0.14285714285714285;
202200000711;812 712;B01;0.5;0.35000000000000003;0.05555555555555555;0.30000000000000004;0.4;0.14814814814814814;0.2857142857142857;
202200000712;812 703;E01;0.75;0.08;0.05555555555555555;0.30000000000000004;0.5;0.1111111111111111;0.2857142857142857;
202200000712;812 705;D01;0.75;0.08;0.05555555555555555;0.30000000000000004;0.5;0.1111111111111111;0.2857142857142857;
202200000712;812 707;C01;0.75;0.08;0.05555555555555555;0.30000000000000004;0.5;0.1111111111111111;0.2857142857142857;
202200000712;812 708;B01;0.75;0.08;0.05555555555555555;0.30000000000000004;0.5;0.1111111111111111;0.2857142857142857;
202200000712;812 710;A01;0.75;0.08;0.05555555555555555;0.30000000000000004;0.2;0.1111111111111111;0.2857142857142857;
202200000713;812 700;A01;0.5;0.18000000000000002;0.05555555555555555;0.30000000000000004;0.2;0.1111111111111111;0.2857142857142857;
202200000713;812 701;B01;0.5;0.08;0.05555555555555555;0.30000000000000004;0.5;0.1111111111111111;0.42857142857142855;
202200000713;812 702;D01;0.5;0.08;0.05555555555555555;0.30000000000000004;0.5;0.1111111111111111;0.2857142857142857;
202200000713;812 704;C01;0.5;0.08;0.05555555555555555;0.30000000000000004;0.5;0.1111111111111111;0.2857142857142857;
202200000713;812 706;E01;0.5;0.08;0.05555555555555555;0.1;0.5;0.1111111111111111;0.14285714285714285;
202200000714;812 698;A01;0.5;0.08;0.05555555555555555;0.2;0.2;0.07407407407407407;0.2857142857142857;
202200000715;812 699;A01;0.75;0.33;0.05555555555555555;0.1;0.1;0.8148148148148147;0.2857142857142857;
202200000716;812 697;A01;0.5;0.81;0.05555555555555555;0.1;0.8;1.0;0.5714285714285714;
202200000717;812 691;A01;0.5;0.08;0.05555555555555555;0.2;0.2;0.07407407407407407;0.2857142857142857;
202200000718;812 692;C01;0.25;0.08;0.05555555555555555;0.30000000000000004;0.9;0.07407407407407407;0.2857142857142857;
202200000718;812 694;B01;0.5;0.08;0.05555555555555555;0.30000000000000004;0.2;0.5925925925925926;0.2857142857142857;
202200000718;812 696;A01;1.0;0.08;0.7222222222222222;0.30000000000000004;0.2;0.07407407407407407;0.2857142857142857;
202200000719;812 690;C01;0.75;0.08;0.05555555555555555;0.30000000000000004;0.7000000000000001;0.037037037037037035;0.2857142857142857;
202200000719;812 693;B01;0.75;0.34;0.05555555555555555;0.30000000000000004;0.9;0.4444444444444444;0.2857142857142857;
202200000719;812 695;A01;0.75;0.11;0.05555555555555555;0.30000000000000004;0.30000000000000004;0.48148148148148145;0.14285714285714285;
202200000720;812 686;A01;0.5;0.08;0.05555555555555555;0.30000000000000004;0.4;0.7407407407407407;0.2857142857142857;
202200000720;812 688;B01;0.5;0.34;0.05555555555555555;0.30000000000000004;0.2;0.07407407407407407;0.2857142857142857;
202200000720;812 689;C01;0.5;0.08;0.05555555555555555;0.30000000000000004;0.7000000000000001;0.9259259259259258;0.2857142857142857;
202200000721;812 684;A01;0.75;0.08;0.05555555555555555;0.30000000000000004;0.30000000000000004;0.07407407407407407;0.2857142857142857;
202200000721;812 685;B01;0.75;0.08;0.05555555555555555;0.30000000000000004;0.6;0.1111111111111111;0.2857142857142857;
202200000721;812 687;Z01;0.75;0.11;0.05555555555555555;0.1;0.1;0.037037037037037035;0.14285714285714285;
202200000722;812 682;A01;1.0;0.08;0.05555555555555555;0.2;0.2;0.037037037037037035;0.2857142857142857;
202200000723;812 679;A01;0.5;0.11;0.05555555555555555;0.30000000000000004;0.2;0.1111111111111111;0.2857142857142857;
202200000723;812 681;B01;0.5;0.08;0.05555555555555555;0.30000000000000004;0.5;0.1111111111111111;0.2857142857142857;
202200000723;812 683;C01;0.5;0.11;0.05555555555555555;0.30000000000000004;0.5;0.1111111111111111;0.2857142857142857;
202200000724;812 680;A01;0.75;0.08;0.05555555555555555;0.2;0.30000000000000004;0.37037037037037035;0.2857142857142857;
202200000725;812 678;A01;0.25;0.08;0.05555555555555555;0.2;0.2;0.07407407407407407;0.2857142857142857;
202200000726;812 673;A01;1.0;0.34;0.1111111111111111;0.30000000000000004;0.4;0.07407407407407407;0.2857142857142857;
202200000726;812 676;B01;1.0;0.08;0.05555555555555555;0.30000000000000004;0.4;0.8888888888888888;0.2857142857142857;
202200000727;812 672;B01;0.5;0.32;0.05555555555555555;0.30000000000000004;0.2;0.6666666666666665;0.2857142857142857;
202200000727;812 675;A01;0.75;0.08;0.05555555555555555;0.30000000000000004;0.2;0.5925925925925926;0.2857142857142857;
202200000728;812 674;A01;0.75;0.34;0.05555555555555555;0.30000000000000004;0.9;0.14814814814814814;0.2857142857142857;
202200000728;812 677;B01;0.75;0.11;0.05555555555555555;0.30000000000000004;0.6;0.4444444444444444;0.2857142857142857;
202200000729;812 668;A01;1.0;0.08;0.05555555555555555;0.30000000000000004;0.2;0.07407407407407407;0.2857142857142857;
202200000729;812 670;B01;0.5;0.08;0.05555555555555555;0.30000000000000004;0.9;0.07407407407407407;0.2857142857142857;
202200000730;812 669;B01;1.0;0.08;0.05555555555555555;0.30000000000000004;0.4;0.5925925925925926;0.2857142857142857;
202200000730;812 671;A01;1.0;0.02;0.05555555555555555;0.30000000000000004;0.8;0.6666666666666665;0.857142857142857;
202200000731;812 663;B01;1.0;0.31;0.05555555555555555;0.30000000000000004;0.2;0.07407407407407407;0.2857142857142857;
202200000731;812 664;A01;1.0;0.08;0.05555555555555555;0.1;0.6;0.5925925925925926;0.2857142857142857;
202200000732;812 662;B01;0.5;0.03;0.05555555555555555;0.30000000000000004;0.30000000000000004;0.1111111111111111;0.2857142857142857;
202200000732;812 665;A01;0.5;0.08;0.05555555555555555;0.30000000000000004;0.2;0.1111111111111111;0.2857142857142857;
202200000733;812 661;A01;0.5;0.08;0.05555555555555555;0.30000000000000004;0.4;0.4444444444444444;0.2857142857142857;
202200000733;812 666;B01;0.5;0.08;0.05555555555555555;0.30000000000000004;0.30000000000000004;0.07407407407407407;0.2857142857142857;
202200000733;812 667;C01;0.5;0.08;0.05555555555555555;0.30000000000000004;0.4;0.07407407407407407;0.2857142857142857;
202200000734;812 658;B01;0.0;0.08;0.05555555555555555;0.1;0.7000000000000001;0.1111111111111111;0.2857142857142857;
202200000734;812 660;A01;0.25;0.34;0.05555555555555555;0.1;0.2;0.1111111111111111;1.0;
202200000735;812 657;B01;0.5;0.08;0.05555555555555555;0.30000000000000004;0.2;0.07407407407407407;0.2857142857142857;
202200000735;812 659;A01;0.5;0.08;0.05555555555555555;0.30000000000000004;0.9;1.0;0.2857142857142857;
202200000736;812 652;C01;0.5;0.08;0.05555555555555555;0.30000000000000004;0.5;0.1111111111111111;0.5714285714285714;
202200000736;812 653;B01;0.5;0.08;0.05555555555555555;0.30000000000000004;0.5;0.07407407407407407;0.2857142857142857;
202200000736;812 655;A01;0.5;0.11;0.05555555555555555;0.30000000000000004;0.2;0.07407407407407407;0.2857142857142857;
202200000737;812 651;B01;1.0;0.02;0.05555555555555555;0.30000000000000004;0.2;0.1111111111111111;0.857142857142857;
202200000737;812 654;A01;1.0;0.08;0.05555555555555555;0.30000000000000004;0.8;0.1111111111111111;0.2857142857142857;
202200000738;812 650;A01;0.5;0.08;0.05555555555555555;0.30000000000000004;0.6;0.07407407407407407;0.2857142857142857;
202200000738;812 656;B01;1.0;0.08;0.05555555555555555;0.30000000000000004;0.2;0.37037037037037035;0.2857142857142857;
202200000739;812 648;A01;0.5;0.08;0.05555555555555555;0.2;0.2;0.07407407407407407;0.2857142857142857;
202200000740;812 647;B01;0.5;0.34;0.05555555555555555;0.30000000000000004;0.9;0.14814814814814814;0.2857142857142857;
202200000740;812 649;A01;0.5;0.08;0.05555555555555555;0.30000000000000004;0.8;0.48148148148148145;0.2857142857142857;
202200000741;812 641;B01;0.5;0.03;0.05555555555555555;0.30000000000000004;0.2;0.07407407407407407;0.2857142857142857;
202200000741;812 645;A01;0.5;0.08;0.05555555555555555;0.30000000000000004;0.4;0.7777777777777777;0.2857142857142857;
202200000742;812 643;B01;0.25;0.08;0.05555555555555555;0.1;0.9;0.7407407407407407;0.2857142857142857;
202200000742;812 646;A01;0.25;0.08;0.05555555555555555;0.1;0.2;0.1111111111111111;0.2857142857142857;
202200000743;812 638;E01;0.5;0.11;0.05555555555555555;0.30000000000000004;0.5;0.1111111111111111;0.2857142857142857;
202200000743;812 639;D01;0.5;0.11;0.05555555555555555;0.30000000000000004;0.5;0.1111111111111111;0.2857142857142857;
202200000743;812 640;C01;0.5;0.11;0.05555555555555555;0.30000000000000004;0.5;0.1111111111111111;0.2857142857142857;
202200000743;812 642;B01;0.5;0.16;0.05555555555555555;0.30000000000000004;0.5;0.1111111111111111;0.2857142857142857;
202200000743;812 644;A01;0.5;0.14;0.05555555555555555;0.30000000000000004;0.2;0.07407407407407407;0.2857142857142857;
202200000744;812 634;A01;0.75;0.03;0.05555555555555555;0.30000000000000004;0.2;0.1111111111111111;0.2857142857142857;
202200000744;812 635;B01;0.75;0.08;0.05555555555555555;0.30000000000000004;0.7000000000000001;0.1111111111111111;0.2857142857142857;
202200000745;812 633;A01;0.5;0.08;0.2777777777777778;0.1;0.2;0.07407407407407407;0.2857142857142857;
202200000746;812 631;B01;1.0;0.02;0.05555555555555555;0.30000000000000004;0.2;0.7407407407407407;0.857142857142857;
202200000746;812 632;A01;1.0;0.08;0.05555555555555555;0.30000000000000004;0.30000000000000004;0.5925925925925926;0.2857142857142857;
202200000747;812 629;B01;0.25;0.08;0.1111111111111111;0.2;0.1;0.6666666666666665;0.2857142857142857;
202200000748;812 626;A01;0.75;0.34;0.2777777777777778;0.30000000000000004;0.4;0.14814814814814814;0.2857142857142857;
202200000748;812 628;B01;0.75;0.08;0.2777777777777778;0.30000000000000004;0.7000000000000001;0.07407407407407407;0.2857142857142857;
202200000748;812 630;C01;0.75;0.08;0.2777777777777778;0.30000000000000004;0.9;0.07407407407407407;0.42857142857142855;
202200000749;812 625;A01;1.0;0.08;0.05555555555555555;0.30000000000000004;0.2;0.5925925925925926;0.2857142857142857;