Num_Acc;id_vehicule;num_veh;senc;catv;obs;obsm;choc;manv;motor;occutc
202200000749;812 627;B01;1.0;0.34;0.05555555555555555;0.30000000000000004;0.9;0.07407407407407407;0.2857142857142857;
202200000750;812 622;B01;0.75;0.08;0.05555555555555555;0.30000000000000004;0.4;0.1111111111111111;0.2857142857142857;
202200000750;812 623;Z01;0.75;0.16;0.05555555555555555;0.30000000000000004;0.2;0.48148148148148145;0.2857142857142857;
202200000751;812 620;A01;1.0;0.02;0.05555555555555555;0.30000000000000004;0.2;0.9629629629629628;0.857142857142857;
202200000751;812 621;B01;1.0;0.02;0.05555555555555555;0.30000000000000004;0.2;0.9629629629629628;0.857142857142857;
202200000752;812 618;A01;0.25;0.08;0.05555555555555555;0.30000000000000004;0.4;0.7407407407407407;0.2857142857142857;
202200000752;812 624;B01;0.25;0.51;0.05555555555555555;0.30000000000000004;0.2;0.07407407407407407;0.5714285714285714;
202200000753;812 617;A01;0.5;0.34;0.05555555555555555;0.30000000000000004;0.8;0.14814814814814814;0.2857142857142857;
202200000753;812 619;B01;0.5;0.16;0.05555555555555555;0.30000000000000004;0.9;0.07407407407407407;0.2857142857142857;
202200000754;812 615;A01;0.75;0.34;0.05555555555555555;0.30000000000000004;0.2;0.07407407407407407;0.2857142857142857;
202200000754;812 616;B01;0.75;0.08;0.05555555555555555;0.30000000000000004;0.7000000000000001;0.07407407407407407;0.2857142857142857;
202200000755;812 612;B01;0.5;0.16;0.05555555555555555;0.30000000000000004;0.30000000000000004;0.48148148148148145;0.2857142857142857;
202200000755;812 614;A01;0.75;0.08;0.05555555555555555;0.30000000000000004;0.9;0.07407407407407407;0.2857142857142857;
202200000756;812 613;A01;0.5;0.08;0.05555555555555555;0.2;0.30000000000000004;0.6296296296296295;0.2857142857142857;
202200000757;812 609;A01;0.5;0.11;0.05555555555555555;0.30000000000000004;0.2;0.1111111111111111;0.2857142857142857;
202200000757;812 611;B01;0.5;0.15000000000000002;0.05555555555555555;0.30000000000000004;0.5;0.07407407407407407;0.2857142857142857;
202200000758;812 606;A01;0.25;0.11;0.05555555555555555;0.30000000000000004;0.9;0.4444444444444444;0.2857142857142857;
202200000758;812 607;B01;0.25;0.34;0.05555555555555555;0.30000000000000004;0.8;0.14814814814814814;0.2857142857142857;
202200000759;812 605;Z01;0.25;0.08;0.05555555555555555;0.2;0.30000000000000004;0.07407407407407407;0.2857142857142857;
202200000760;812 608;A01;0.5;0.08;0.05555555555555555;0.30000000000000004;0.2;1.0;0.2857142857142857;
202200000760;812 610;B01;0.5;0.08;0.05555555555555555;0.1;0.5;0.48148148148148145;0.2857142857142857;
202200000761;812 602;A01;0.5;0.08;0.05555555555555555;0.30000000000000004;0.8;0.07407407407407407;0.2857142857142857;
202200000761;812 604;B01;0.5;0.51;0.05555555555555555;0.30000000000000004;0.2;0.07407407407407407;0.5714285714285714;
202200000762;812 601;A01;0.75;0.08;0.05555555555555555;0.30000000000000004;0.9;0.37037037037037035;0.2857142857142857;
202200000762;812 603;B01;0.5;0.51;0.05555555555555555;0.30000000000000004;0.2;0.07407407407407407;0.5714285714285714;
202200000763;812 599;A01;0.5;0.08;0.05555555555555555;0.1;1.0;0.1111111111111111;0.2857142857142857;
202200000764;812 598;A01;0.5;0.08;0.05555555555555555;0.30000000000000004;0.4;1.0;0.2857142857142857;
202200000764;812 600;B01;0.25;0.08;0.05555555555555555;0.30000000000000004;0.2;0.37037037037037035;0.14285714285714285;
202200000765;812 597;A01;0.5;0.03;0.05555555555555555;0.2;0.2;0.07407407407407407;0.2857142857142857;
202200000766;812 596;A01;0.5;0.08;0.5555555555555556;0.1;0.30000000000000004;0.8148148148148147;0.2857142857142857;
202200000767;812 592;A01;1.0;0.08;0.1111111111111111;0.1;0.1;0.037037037037037035;0.2857142857142857;
202200000767;812 594;B01;1.0;0.08;0.1111111111111111;0.1;0.1;0.037037037037037035;0.14285714285714285;
202200000768;812 591;A01;0.5;0.08;0.05555555555555555;0.30000000000000004;0.5;0.8888888888888888;0.2857142857142857;
202200000768;812 593;B01;0.5;0.31;0.05555555555555555;0.30000000000000004;0.2;0.07407407407407407;0.2857142857142857;
202200000769;812 590;B01;0.25;0.03;0.05555555555555555;0.30000000000000004;0.2;0.037037037037037035;1.0;
202200000769;812 595;A01;1.0;0.08;0.05555555555555555;0.30000000000000004;0.30000000000000004;0.5925925925925926;0.2857142857142857;
202200000770;812 587;B01;0.5;0.02;0.05555555555555555;0.1;0.1;0.037037037037037035;0.857142857142857;
202200000770;812 589;A01;0.5;0.11;0.1111111111111111;0.30000000000000004;0.4;0.1111111111111111;0.2857142857142857;
202200000771;812 586;B01;0.25;0.08;0.05555555555555555;0.30000000000000004;0.6;0.037037037037037035;0.2857142857142857;
202200000771;812 588;A01;0.25;0.31;0.1111111111111111;0.1;0.1;0.5185185185185185;0.2857142857142857;
202200000772;812 584;A01;0.5;0.08;0.05555555555555555;0.2;0.2;0.07407407407407407;0.2857142857142857;
202200000773;812 583;B01;0.5;0.08;0.05555555555555555;0.30000000000000004;0.7000000000000001;0.07407407407407407;0.2857142857142857;
202200000773;812 585;A01;0.5;0.15000000000000002;0.05555555555555555;0.30000000000000004;0.30000000000000004;0.07407407407407407;0.2857142857142857;
202200000774;812 581;B01;0.5;0.08;0.05555555555555555;0.30000000000000004;0.8;0.07407407407407407;0.2857142857142857;
202200000774;812 582;A01;0.5;0.03;0.05555555555555555;0.30000000000000004;0.2;0.2222222222222222;0.2857142857142857;
202200000775;812 578;A01;0.5;0.08;0.05555555555555555;0.30000000000000004;0.8;0.5925925925925926;0.2857142857142857;
202200000775;812 580;B01;0.75;0.34;0.05555555555555555;0.30000000000000004;0.2;0.07407407407407407;0.2857142857142857;
202200000776;812 574;A01;0.5;0.11;0.05555555555555555;0.30000000000000004;0.8;0.7407407407407407;0.2857142857142857;
202200000776;812 576;B01;0.75;0.03;0.05555555555555555;0.30000000000000004;0.2;0.07407407407407407;0.2857142857142857;
202200000777;812 573;B01;0.75;0.08;0.05555555555555555;0.30000000000000004;0.9;0.07407407407407407;0.2857142857142857;
202200000777;812 577;A01;0.75;0.08;0.05555555555555555;0.30000000000000004;0.2;0.07407407407407407;0.2857142857142857;
202200000778;812 572;B01;0.75;0.34;0.05555555555555555;0.30000000000000004;0.2;0.07407407407407407;0.2857142857142857;
202200000778;812 575;A01;0.5;0.08;0.05555555555555555;0.30000000000000004;0.8;0.5925925925925926;0.2857142857142857;
202200000779;812 569;A01;0.25;0.08;0.05555555555555555;0.30000000000000004;0.4;0.5925925925925926;0.2857142857142857;
202200000779;812 571;B01;0.25;0.03;0.05555555555555555;0.30000000000000004;0.8;0.07407407407407407;0.2857142857142857;
202200000780;812 565;C01;0.75;0.08;0.05555555555555555;0.30000000000000004;0.5;0.07407407407407407;0.2857142857142857;
202200000780;812 567;A01;0.75;0.33;0.05555555555555555;0.30000000000000004;0.2;0.07407407407407407;0.2857142857142857;
202200000780;812 570;B01;0.75;0.08;0.05555555555555555;0.30000000000000004;0.5;0.07407407407407407;1.0;
202200000781;812 564;A01;0.5;0.34;0.05555555555555555;0.30000000000000004;0.2;0.07407407407407407;0.2857142857142857;
202200000781;812 566;B01;0.5;0.08;0.05555555555555555;0.30000000000000004;0.9;0.5925925925925926;0.2857142857142857;
202200000781;812 568;C01;0.5;0.08;0.05555555555555555;0.30000000000000004;0.9;0.07407407407407407;0.2857142857142857;
202200000782;812 562;A01;0.25;0.11;0.05555555555555555;0.30000000000000004;0.4;1.0;0.14285714285714285;
202200000782;812 563;B01;0.25;0.03;0.05555555555555555;0.30000000000000004;0.8;1.0;0.2857142857142857;
202200000783;812 559;A01;0.75;0.08;0.05555555555555555;0.30000000000000004;0.1;0.037037037037037035;0.2857142857142857;
202200000783;812 561;B01;0.75;0.51;0.05555555555555555;0.30000000000000004;0.30000000000000004;0.037037037037037035;0.5714285714285714;
202200000784;812 557;B01;0.5;0.02;0.05555555555555555;0.30000000000000004;0.2;0.07407407407407407;0.857142857142857;
202200000784;812 560;A01;0.5;0.08;0.05555555555555555;0.30000000000000004;0.9;0.37037037037037035;0.2857142857142857;
202200000785;812 556;B01;0.75;0.11;0.05555555555555555;0.30000000000000004;0.5;0.07407407407407407;0.2857142857142857;
202200000785;812 558;A01;0.75;0.32;0.05555555555555555;0.30000000000000004;0.2;0.07407407407407407;0.2857142857142857;
202200000786;812 554;A01;0.75;0.11;0.05555555555555555;0.30000000000000004;0.2;0.5925925925925926;0.5714285714285714;
202200000786;812 555;B01;0.75;0.08;0.05555555555555555;0.30000000000000004;0.7000000000000001;0.5925925925925926;0.2857142857142857;
202200000787;812 550;B01;0.75;0.02;0.05555555555555555;0.30000000000000004;0.9;0.5185185185185185;0.857142857142857;
202200000787;812 552;A01;0.75;0.08;0.05555555555555555;1.0;0.8;0.6666666666666665;0.2857142857142857;
202200000788;812 551;B01;0.5;0.02;0.05555555555555555;0.30000000000000004;0.4;0.07407407407407407;0.857142857142857;
202200000788;812 553;A01;0.5;0.15000000000000002;0.05555555555555555;0.30000000000000004;0.4;0.6296296296296295;0.2857142857142857;
202200000789;812 549;A01;1.0;0.08;0.05555555555555555;0.2;0.2;0.07407407407407407;0.2857142857142857;
202200000790;812 547;A01;0.75;0.08;0.05555555555555555;0.1;0.1;0.6666666666666665;0.14285714285714285;
202200000791;812 546;A01;0.75;0.08;0.7222222222222222;0.2;0.30000000000000004;0.1111111111111111;0.5714285714285714;
202200000792;812 545;A01;1.0;0.08;0.05555555555555555;0.30000000000000004;0.9;0.7407407407407407;0.2857142857142857;
202200000792;812 548;B01;1.0;0.08;0.05555555555555555;0.30000000000000004;0.2;0.7407407407407407;0.2857142857142857;
202200000793;812 543;B01;0.5;0.08;0.05555555555555555;0.30000000000000004;0.5;0.1111111111111111;0.2857142857142857;
202200000793;812 544;A01;0.5;0.32;0.05555555555555555;0.30000000000000004;0.2;0.1111111111111111;0.2857142857142857;
202200000794;812 540;B01;1.0;0.16;0.05555555555555555;0.30000000000000004;0.8;0.6296296296296295;0.2857142857142857;
202200000794;812 542;A01;0.25;0.08;0.05555555555555555;0.30000000000000004;0.9;0.7037037037037037;0.2857142857142857;
202200000795;812 535;A01;0.75;0.08;0.05555555555555555;0.30000000000000004;0.4;0.07407407407407407;0.2857142857142857;
202200000795;812 541;B01;0.5;0.08;0.05555555555555555;0.30000000000000004;0.4;0.5925925925925926;0.2857142857142857;
202200000796;812 534;B01;1.0;0.44;0.05555555555555555;0.30000000000000004;0.2;0.07407407407407407;0.2857142857142857;
202200000796;812 536;A01;1.0;0.08;0.05555555555555555;0.30000000000000004;0.8;0.5925925925925926;0.2857142857142857;
202200000797;812 531;B01;0.25;0.08;0.05555555555555555;0.30000000000000004;0.7000000000000001;1.0;0.14285714285714285;
202200000797;812 533;A01;0.5;0.08;0.1111111111111111;0.1;0.30000000000000004;0.5555555555555556;0.2857142857142857;
202200000798;812 529;B01;0.5;0.08;0.05555555555555555;0.30000000000000004;0.7000000000000001;0.5925925925925926;0.2857142857142857;
202200000798;812 532;A01;0.75;0.31;0.05555555555555555;0.30000000000000004;0.2;0.07407407407407407;0.5714285714285714;
202200000799;812 528;A01;1.0;0.08;0.05555555555555555;0.2;0.2;0.07407407407407407;0.42857142857142855;
202200000800;812 527;A01;0.5;0.08;0.05555555555555555;0.30000000000000004;0.8;0.07407407407407407;0.2857142857142857;
202200000800;812 530;B01;0.75;0.08;0.05555555555555555;0.30000000000000004;0.2;0.07407407407407407;0.2857142857142857;
202200000801;812 523;B01;0.75;0.31;0.05555555555555555;0.30000000000000004;0.9;0.037037037037037035;0.2857142857142857;
202200000801;812 526;A01;0.75;0.08;0.05555555555555555;0.30000000000000004;0.2;0.7407407407407407;0.2857142857142857;
202200000802;812 522;B01;0.25;0.08;0.05555555555555555;0.30000000000000004;0.2;0.037037037037037035;0.2857142857142857;
202200000802;812 525;A01;0.75;0.34;0.05555555555555555;0.30000000000000004;0.30000000000000004;0.07407407407407407;0.2857142857142857;
202200000803;812 521;A01;0.75;0.08;0.05555555555555555;0.30000000000000004;0.30000000000000004;0.07407407407407407;0.42857142857142855;
202200000803;812 524;B01;0.25;0.08;0.05555555555555555;0.30000000000000004;0.4;0.6296296296296295;0.2857142857142857;
202200000804;812 518;A01;1.0;0.34;0.8333333333333333;0.1;0.2;0.7407407407407407;0.2857142857142857;
202200000805;812 517;B01;0.5;0.08;0.05555555555555555;0.30000000000000004;0.8;0.37037037037037035;0.2857142857142857;
202200000805;812 520;A01;0.5;0.08;0.05555555555555555;0.30000000000000004;0.8;0.07407407407407407;0.2857142857142857;
202200000806;812 516;A01;0.5;0.31;0.05555555555555555;0.30000000000000004;0.2;0.2962962962962963;0.2857142857142857;
202200000806;812 519;B01;0.5;0.08;0.05555555555555555;0.30000000000000004;0.30000000000000004;0.37037037037037035;0.2857142857142857;
202200000807;812 513;A01;0.5;0.01;0.05555555555555555;0.30000000000000004;0.4;0.6666666666666665;0.14285714285714285;
202200000807;812 515;B01;0.75;0.08;0.05555555555555555;0.30000000000000004;0.4;1.0;0.2857142857142857;
202200000808;812 512;A01;0.5;0.08;0.05555555555555555;0.30000000000000004;0.4;0.7407407407407407;0.14285714285714285;
202200000808;812 514;B01;0.75;0.03;0.05555555555555555;0.30000000000000004;0.9;0.07407407407407407;0.14285714285714285;
202200000809;812 511;A01;0.75;0.08;0.38888888888888884;0.1;0.4;0.7407407407407407;0.2857142857142857;
202200000810;812 510;A01;1.0;0.08;0.05555555555555555;0.1;0.2;0.5555555555555556;0.2857142857142857;
202200000811;812 507;A01;0.5;0.08;0.05555555555555555;0.30000000000000004;0.30000000000000004;0.6296296296296295;0.2857142857142857;
202200000811;812 509;B01;0.5;0.02;0.05555555555555555;0.30000000000000004;0.9;0.6296296296296295;0.857142857142857;
202200000812;812 504;A01;0.5;0.34;0.05555555555555555;0.30000000000000004;0.2;0.6666666666666665;0.2857142857142857;
202200000812;812 506;B01;0.5;0.11;0.05555555555555555;0.30000000000000004;0.4;0.5925925925925926;0.2857142857142857;
202200000813;812 505;B01;0.5;0.03;0.05555555555555555;0.30000000000000004;0.2;0.07407407407407407;0.2857142857142857;
202200000813;812 508;A01;0.5;0.03;0.05555555555555555;0.30000000000000004;0.9;0.8148148148148147;0.2857142857142857;
202200000814;812 503;A01;0.5;0.08;0.5;0.1;1.0;0.5555555555555556;0.2857142857142857;
202200000815;812 502;A01;1.0;0.08;0.5;0.1;0.2;0.5925925925925926;0.2857142857142857;
202200000816;812 499;A01;0.75;0.08;0.05555555555555555;0.30000000000000004;0.30000000000000004;0.07407407407407407;0.2857142857142857;
202200000816;812 501;B01;0.5;0.51;0.05555555555555555;0.30000000000000004;0.9;0.07407407407407407;0.5714285714285714;
202200000817;812 498;B01;0.5;0.02;0.05555555555555555;0.30000000000000004;0.5;1.0;0.857142857142857;
202200000817;812 500;A01;0.5;0.08;0.05555555555555555;0.30000000000000004;0.5;1.0;0.2857142857142857;
202200000818;812 496;A01;0.5;0.11;0.05555555555555555;0.30000000000000004;0.4;0.5925925925925926;0.2857142857142857;
202200000818;812 497;B01;0.75;0.31;0.05555555555555555;0.30000000000000004;0.2;0.07407407407407407;0.2857142857142857;
202200000819;812 492;B01;1.0;0.02;0.05555555555555555;0.30000000000000004;0.8;0.07407407407407407;0.14285714285714285;
202200000819;812 495;A01;0.25;0.08;0.05555555555555555;0.30000000000000004;0.2;0.37037037037037035;0.2857142857142857;
202200000820;812 493;B01;0.75;0.08;0.05555555555555555;0.30000000000000004;0.2;0.07407407407407407;0.2857142857142857;
202200000820;812 494;A01;1.0;0.03;0.05555555555555555;0.30000000000000004;0.9;0.37037037037037035;0.2857142857142857;
202200000821;812 491;A01;1.0;0.15000000000000002;0.05555555555555555;0.2;0.5;0.18518518518518517;0.2857142857142857;
202200000822;812 489;B01;0.25;0.32;0.05555555555555555;0.30000000000000004;0.1;0.037037037037037035;0.2857142857142857;
202200000822;812 490;A01;0.25;0.08;0.05555555555555555;0.30000000000000004;0.1;0.5925925925925926;0.2857142857142857;
202200000823;812 487;A01;0.75;0.15000000000000002;0.05555555555555555;0.30000000000000004;0.30000000000000004;0.48148148148148145;0.2857142857142857;
202200000823;812 488;B01;0.75;0.08;0.05555555555555555;0.30000000000000004;0.9;0.07407407407407407;0.2857142857142857;
202200000824;812 484;A01;0.75;0.08;0.05555555555555555;0.5;0.4;0.07407407407407407;0.2857142857142857;
202200000824;812 486;B01;0.5;0.4;0.05555555555555555;0.30000000000000004;0.2;0.07407407407407407;0.42857142857142855;
202200000825;812 482;B01;0.5;0.08;0.05555555555555555;0.30000000000000004;0.2;0.07407407407407407;0.2857142857142857;
202200000825;812 485;A01;0.5;0.81;0.05555555555555555;0.30000000000000004;0.2;0.5925925925925926;0.5714285714285714;
202200000826;812 481;B01;0.5;0.33;0.05555555555555555;0.30000000000000004;0.6;0.14814814814814814;0.2857142857142857;
202200000826;812 483;A01;0.5;0.08;0.05555555555555555;0.30000000000000004;0.9;0.4444444444444444;0.2857142857142857;
202200000827;812 479;B01;0.5;0.02;0.05555555555555555;0.30000000000000004;0.9;0.037037037037037035;0.857142857142857;
202200000827;812 480;A01;0.5;0.08;0.05555555555555555;0.30000000000000004;0.6;0.37037037037037035;0.2857142857142857;
202200000828;812 475;A01;1.0;0.08;0.05555555555555555;0.30000000000000004;0.2;0.1111111111111111;0.2857142857142857;
202200000828;812 477;B01;1.0;0.08;0.05555555555555555;0.30000000000000004;0.5;0.1111111111111111;0.2857142857142857;
202200000828;812 478;C01;1.0;0.08;0.05555555555555555;0.30000000000000004;0.5;0.1111111111111111;0.2857142857142857;
202200000829;812 474;B01;0.75;0.11;0.05555555555555555;0.30000000000000004;0.6;0.07407407407407407;0.2857142857142857;
202200000829;812 476;A01;0.75;0.34;0.05555555555555555;0.30000000000000004;0.4;0.14814814814814814;0.2857142857142857;
202200000830;812 471;A01;0.5;0.08;0.05555555555555555;0.30000000000000004;0.4;0.7407407407407407;0.2857142857142857;
202200000830;812 473;B01;0.5;0.33;0.05555555555555555;0.30000000000000004;0.30000000000000004;0.7407407407407407;0.14285714285714285;
202200000831;812 469;B01;0.75;0.02;0.05555555555555555;0.30000000000000004;0.8;0.07407407407407407;0.857142857142857;
202200000831;812 472;A01;0.75;0.11;0.05555555555555555;0.30000000000000004;0.2;0.37037037037037035;0.2857142857142857;
202200000832;812 468;A01;0.75;0.44;0.05555555555555555;0.30000000000000004;0.2;0.1111111111111111;0.2857142857142857;
202200000832;812 470;B01;0.75;0.34;0.05555555555555555;0.30000000000000004;0.5;0.8888888888888888;0.2857142857142857;
202200000833;812 465;A01;0.5;0.02;0.05555555555555555;0.30000000000000004;0.9;0.7407407407407407;0.857142857142857;
202200000833;812 466;B01;0.5;0.08;0.05555555555555555;0.30000000000000004;0.2;0.07407407407407407;0.2857142857142857;
202200000834;812 464;A01;0.5;0.08;0.05555555555555555;0.30000000000000004;0.2;0.5925925925925926;0.2857142857142857;
202200000834;812 467;B01;0.5;0.03;0.05555555555555555;0.30000000000000004;0.9;0.1111111111111111;0.2857142857142857;
202200000835;812 463;A01;0.75;0.08;0.1111111111111111;0.1;0.2;0.5555555555555556;0.2857142857142857;
202200000836;812 461;A01;0.5;0.15000000000000002;0.05555555555555555;0.30000000000000004;0.2;0.1111111111111111;0.2857142857142857;
202200000836;812 462;B01;0.5;0.08;0.05555555555555555;0.30000000000000004;0.5;0.1111111111111111;0.2857142857142857;
202200000837;812 458;A01;0.25;0.35000000000000003;0.05555555555555555;0.30000000000000004;0.2;0.07407407407407407;0.2857142857142857;
202200000837;812 460;B01;0.25;0.04;0.05555555555555555;0.30000000000000004;0.2;0.5925925925925926;0.2857142857142857;
202200000838;812 459;A01;0.5;0.02;0.05555555555555555;0.1;0.2;0.07407407407407407;0.857142857142857;
202200000839;812 454;B01;0.5;0.08;0.05555555555555555;0.30000000000000004;0.2;0.07407407407407407;0.2857142857142857;
202200000839;812 457;A01;0.5;0.08;0.05555555555555555;0.30000000000000004;0.9;0.37037037037037035;0.2857142857142857;
202200000840;812 453;B01;0.5;0.08;0.05555555555555555;0.30000000000000004;0.2;0.07407407407407407;0.2857142857142857;
202200000840;812 456;A01;0.75;0.08;0.05555555555555555;0.30000000000000004;0.2;0.2222222222222222;0.2857142857142857;
202200000841;812 452;B01;0.75;0.02;0.05555555555555555;0.30000000000000004;0.9;0.4444444444444444;0.857142857142857;
202200000841;812 455;A01;0.75;0.08;0.05555555555555555;0.30000000000000004;0.30000000000000004;0.07407407407407407;0.2857142857142857;
202200000842;812 451;A01;0.5;0.08;0.2222222222222222;0.1;0.30000000000000004;0.07407407407407407;0.2857142857142857;
202200000843;812 448;A01;0.5;0.08;0.05555555555555555;0.30000000000000004;0.4;0.5925925925925926;0.2857142857142857;
202200000843;812 450;B01;0.25;0.02;0.05555555555555555;0.30000000000000004;0.2;0.7407407407407407;0.857142857142857;
202200000844;812 447;A01;0.75;0.08;0.05555555555555555;0.30000000000000004;0.7000000000000001;0.4074074074074074;0.2857142857142857;
202200000844;812 449;B01;0.75;0.51;0.05555555555555555;0.30000000000000004;0.2;0.07407407407407407;0.5714285714285714;
202200000845;812 446;A01;0.75;0.08;0.7777777777777778;0.1;0.4;0.07407407407407407;0.2857142857142857;
202200000846;812 445;A01;0.5;0.08;0.05555555555555555;0.2;0.30000000000000004;0.07407407407407407;0.2857142857142857;
202200000847;812 443;A01;0.75;0.34;0.05555555555555555;0.30000000000000004;0.30000000000000004;0.6666666666666665;0.2857142857142857;
202200000847;812 444;B01;0.75;0.34;0.05555555555555555;0.30000000000000004;0.9;0.07407407407407407;0.2857142857142857;
202200000848;812 442;A01;0.5;0.08;0.05555555555555555;0.2;0.2;0.07407407407407407;0.2857142857142857;
202200000849;812 440;B01;1.0;0.08;0.05555555555555555;0.30000000000000004;0.9;0.07407407407407407;0.2857142857142857;
202200000849;812 441;A01;1.0;0.03;0.05555555555555555;0.30000000000000004;0.8;0.07407407407407407;0.2857142857142857;
202200000850;812 437;A01;0.5;0.08;0.1111111111111111;0.1;0.2;0.07407407407407407;0.2857142857142857;
202200000851;812 436;A01;0.75;0.44;0.05555555555555555;0.30000000000000004;0.2;0.07407407407407407;0.2857142857142857;
202200000851;812 438;B01;0.75;0.08;0.05555555555555555;0.30000000000000004;0.6;0.8888888888888888;0.2857142857142857;
202200000852;812 435;B01;0.5;0.08;0.05555555555555555;0.30000000000000004;0.2;0.07407407407407407;0.2857142857142857;
202200000852;812 439;A01;0.75;0.08;0.05555555555555555;0.30000000000000004;0.2;0.5185185185185185;0.2857142857142857;
202200000853;812 434;A01;0.5;0.08;0.05555555555555555;0.2;0.30000000000000004;0.6666666666666665;0.2857142857142857;
202200000854;812 430;C01;0.5;0.08;0.05555555555555555;0.30000000000000004;0.9;0.07407407407407407;0.2857142857142857;
202200000854;812 432;B01;0.75;0.11;0.05555555555555555;0.30000000000000004;0.4;0.07407407407407407;0.2857142857142857;
202200000854;812 433;A01;0.75;0.34;0.05555555555555555;0.30000000000000004;0.9;0.6666666666666665;0.2857142857142857;
202200000855;812 429;A01;0.5;0.08;0.05555555555555555;0.2;0.2;0.07407407407407407;0.2857142857142857;
202200000856;812 428;B01;0.75;0.08;0.05555555555555555;0.30000000000000004;0.5;0.1111111111111111;0.2857142857142857;
202200000856;812 431;A01;0.75;0.08;0.05555555555555555;0.30000000000000004;0.2;0.1111111111111111;0.2857142857142857;
202200000857;812 426;A01;0.5;0.08;0.05555555555555555;0.2;0.2;0.7777777777777777;0.2857142857142857;
202200000858;812 424;B01;0.75;0.02;0.05555555555555555;0.30000000000000004;0.9;1.0;0.857142857142857;
202200000858;812 427;A01;0.75;0.08;0.05555555555555555;1.0;0.6;0.48148148148148145;0.2857142857142857;
202200000859;812 423;A01;0.5;0.08;0.05555555555555555;0.30000000000000004;0.2;0.07407407407407407;0.2857142857142857;
202200000859;812 425;B01;0.75;0.81;0.05555555555555555;0.30000000000000004;0.4;0.37037037037037035;0.5714285714285714;
202200000860;812 422;A01;0.75;0.51;0.5555555555555556;0.1;0.2;0.07407407407407407;0.5714285714285714;
202200000861;812 421;A01;0.5;0.38;0.05555555555555555;0.2;0.30000000000000004;0.1111111111111111;0.14285714285714285;1.0
202200000862;812 419;A01;0.75;0.51;0.7222222222222222;0.1;0.2;0.37037037037037035;0.5714285714285714;
202200000863;812 418;B01;1.0;0.51;0.05555555555555555;0.30000000000000004;0.30000000000000004;0.7407407407407407;0.5714285714285714;
202200000863;812 420;A01;0.75;0.08;0.05555555555555555;0.30000000000000004;0.2;0.37037037037037035;0.42857142857142855;
202200000864;812 413;B01;0.5;0.08;0.05555555555555555;0.30000000000000004;0.1;0.07407407407407407;0.42857142857142855;
202200000864;812 415;A01;0.5;0.31;0.05555555555555555;0.30000000000000004;0.2;0.5925925925925926;0.2857142857142857;
202200000865;812 414;A01;0.5;0.08;0.5;0.2;0.30000000000000004;0.7777777777777777;0.2857142857142857;
202200000866;812 409;A01;0.5;0.11;0.05555555555555555;0.30000000000000004;0.2;0.1111111111111111;0.2857142857142857;
202200000866;812 410;B01;0.5;0.08;0.05555555555555555;0.30000000000000004;0.5;0.1111111111111111;0.2857142857142857;
202200000867;812 406;A01;0.5;0.11;0.05555555555555555;0.2;0.2;0.07407407407407407;0.2857142857142857;
202200000868;812 403;A01;0.5;0.08;0.05555555555555555;0.2;0.30000000000000004;0.07407407407407407;0.2857142857142857;
202200000869;812 405;Z01;0.75;0.35000000000000003;0.05555555555555555;0.2;0.2;0.07407407407407407;0.2857142857142857;